name,name_lower,occurrences,first_offset,chapters,num_chapters,context_sample
Наташа,наташ,441,3821,"0,9,10,11,12,14,15,20,29,37,47,48,49,50,51,52,54,56,57,58,61,63,64,66,67,68,69,70,71,72,77,78,79,80,81,83,84,85,86,87,89,90,92,93",44,"где и кто папа, кто Наташа, кто Петя. Все крич"
Пьеру,пьер,340,22584,"1,2,3,4,5,9,10,15,16,17,18,19,20,24,25,26,27,28,36,38,42,43,44,45,46,50,51,52,54,55,56,57,58,72,74,75,79,80,82,83,86,90,91,92,93",45,"ить свое сочувствие Пьеру, но в
невольных инт"
Андрей,андр,240,66169,"6,8,22,23,25,26,27,28,36,37,38,39,40,41,51,52,53,54,56,57,58,59,60,70,71,73,75,77,81,86,90,92,93",33,"он решил, что князь
Андрей убит, и не смотря н"
Соне,сон,179,4717,"0,1,9,10,11,12,13,14,29,37,47,48,49,50,51,52,56,57,58,61,63,68,69,70,71,77,78,79,80,81,85,86,87,89,90,92,93",37," которых она ждала. Соне
минуло уже 16 лет, "
Николай Ростов,рост,177,279,"0,1,2,3,4,9,11,12,13,14,15,28,29,30,31,32,33,34,35,37,46,51,53,61,62,63,64,65,66,67,78",31,начале 1806‑го года Николай Ростов вернулся в отпуск. 
Николай,николай,141,14586,"0,1,9,10,11,12,13,14,15,22,28,34,35,61,62,63,64,65,66,67,68,69,70,71,77",25,", и не только Соня,
Николай и Наташа, но и стар"
Андрея,андре,129,60255,"6,7,8,22,23,25,26,27,28,34,36,37,39,40,41,50,51,52,53,54,56,57,58,59,60,61,67,68,69,70,71,72,73,75,77,78,79,81,83,84,85,86,90,92",44," и о погибели князя Андрея, и несмотря на все
"
Чт,чт,115,18879,"1,3,4,5,6,9,10,11,12,13,14,15,16,17,18,19,22,26,27,30,31,34,36,42,47,48,49,56,57,58,59,61,62,64,66,67,68,69,70,72,74,75,78,81,82,84,85,86,87,88,89,90,91,93",54,"‑‑ Чтò ж делать, возьми, "
Марья,марь,115,61774,"6,7,8,22,23,25,27,28,38,50,59,60,73,74,75,76,78,81,82,83,85,86,92",23,"ычное время, княжна Марья вошла к нему, он ст"
Денисов,денис,112,313,"0,1,2,3,4,9,10,11,14,15,29,30,31,32,33,34,35,61",18," вернулся в отпуск. Денисов ехал
тоже домой в В"
Долохов,долох,98,22315,"1,2,3,4,5,9,10,11,12,13,14,15,17,45,65,79,80,82,87,88,91,93",22,"‑‑ Долохов, Марьи Ивановны сын"
Москвы,москв,88,387,"0,1,3,4,5,6,7,9,11,12,15,16,19,20,25,42,43,45,46,47,55,59,68,71,72,73,74,75,76,77,79,80,81,82,83,85,87,89,90,91,92",41,"го ехать с собой до Москвы и
остановиться у ни"
Петербурге,петербург,70,22459,"1,2,3,5,9,15,16,17,19,20,22,24,25,36,38,39,40,41,42,43,44,46,47,50,53,54,55,57,58,59,68,72,74,75,76,80,82,83,91,92,93",41,"асил к себе в дом
в Петербурге, и вот… Она сюда пр"
Борису,борис,68,11993,"0,1,20,21,33,34,35,44,46,47,48,51,52,55,56,57,61,62,74,76,79,80,83",23,"‑‑ Ну, а чтò же ты, Борису не изменила? ‑‑ спр"
Анатоль,анатоль,63,53343,"5,51,79,80,81,82,83,84,87,88,90,91,92",13,"""Анатоль ездил к ней занимат"
Ростовы,ростов,62,6015,"0,3,4,9,11,12,13,29,30,31,32,33,35,46,49,51,54,55,57,58,59,60,61,66,67,73,75,77,79,80,83,84,86,87,90,91,92",37,"для него комнату, а Ростовы все
собрались в див"
Ах,ах,62,8842,"0,1,3,7,8,11,14,16,18,20,22,25,27,28,33,37,49,58,59,68,69,70,74,75,76,78,79,85,86,87,89,90,93",33,"‑‑ Ах, как хорошо, отличн"
Марьи Дмитриевны,дмитриевн,60,638041,"77,78,79,83,85,86,88,89,90,92,93",11,"вых въехали во двор Марьи Дмитриевны в
Старой Конюшенной"
Ростовых,ростовых,58,15311,"1,9,10,14,20,37,46,47,48,49,50,51,54,58,64,68,69,71,75,77,78,79,80,83,84,90,91,92",28,Знакомство у Ростовых была вся Москва; де
Николая,никола,53,88616,"10,11,13,14,22,58,61,62,63,64,65,66,67,68,69,70,71,85,90",19,", опять взглянул на Николая."
Слава Богу,бог,49,3148,"0,1,7,13,14,15,16,17,19,20,22,24,25,27,30,35,42,49,57,59,60,61,65,72,78,82,83,85,86,89,93",31,‑‑ Слава Богу! Всё слава Богу! се
Граф Илья Андреич,андреич,48,31334,"2,8,12,15,28,37,39,40,55,56,57,64,65,68,69,71,73,74,77,78,79,83,84,85,89,92",26,"мотреть Багратиона. Граф Илья Андреич, энергичнее всех, с"
Элен,элен,43,38024,"3,5,19,20,21,43,44,47,50,51,52,79,80,81,83,84,91",17,"Пьер вспоминал, как Элен улыбаясь выражала с"
Ежели,ежел,34,21977,"1,5,10,15,16,17,25,26,28,38,40,41,43,52,60,61,68,69,78,79,85,86,87,91,92,93",26," ‑‑ сказала она. ‑‑ Ежели правда,
чтò мы слыш"
Анатоля,анатол,34,635278,"76,81,82,84,85,86,87,88,90,91,92,93",12,"сти в руках глупого Анатоля, оскорбляла
Бориса."
Ведь,ведь,31,1451,"0,1,13,15,21,25,28,30,31,32,34,37,62,66,69,70,74,77,78,79,86,87,88",23,"акею на облучке. ‑‑ Ведь это у нас
огонь?"
Петя,пет,30,3833,"0,12,58,61,63,64,66,67,68,69",10,"па, кто Наташа, кто Петя. Все кричали,
говор"
Берга,берг,28,26157,"1,46,51,53,55,56",6,"шек.
Говорили и про Берга, кто его не знал, ч"
Только,только,27,3898,"0,4,7,11,16,27,31,34,36,37,39,48,49,55,57,60,62,64,65,66,69,70",22,"одно и то же время. Только матери не было в
чи"
Вера,вер,26,4144,"0,9,14,46,51,55,56",7,"я, Анна Михайловна, Вера, старый граф, обним"
Сперанский,сперанский,26,315989,"39,40,41,53",4,всех вместе заменил Сперанский по гражданской част
Молодой Безухов,безух,23,21478,"1,3,5,9,11,15,24,42,46,48,50,52,55,58,79,80,83,84",18," ‑‑ сказала она. ‑‑ Молодой Безухов приехал, и
теперь м"
Наполеон,наполеон,23,32601,"2,9,20,33,35,36,40,53,72,74,92,93",12,"Да счастливый Наполеон,"
Анатоль Курагин,кураг,23,400285,"50,76,80,81,82,85,86,87,88,90,91,92,93",13,"о брат Безуховой ‑‑ Анатоль Курагин, ‑‑ сказала она, ук"
Теперь,теперь,22,102231,"12,13,17,18,20,25,32,39,42,46,54,57,67,70,74,75,77,87,88,92,93",21,"ьше денег до весны. Теперь из этих
денег остав"
Отчего,отчего,20,11682,"0,5,25,26,31,48,58,60,69,70,75,85,86",13,"ался ни на минуту). Отчего же
ему было не люби"
Еще,ещ,19,1527,"0,7,13,14,17,18,31,35,47,53,62,64,65,69,82,93",16,‑‑ Еще не ложились? А? как
Долоховым,долоховым,19,29310,"2,3,4,9,10,12,20,80,82,85,87,88,91",13,"стов стоял у окна с
Долоховым, с которым он недав"
Александра,александр,19,32447,"2,33,34,35,36,39,51,73,93",9,"""Славь тако Александра век"
Сперанского,сперанского,19,315072,"39,40,41,53,92",5,огея славы молодого Сперанского и энергии совершаем
Николинька,николиньк,18,7423,"0,10,14,48,59,64,67,68,71,79",10,"‑‑ Николинька, вставай! ‑‑ опять "
Мне,мн,18,9228,"0,6,10,15,16,19,21,23,32,57,58,65,70,75,85,86",16,"тронула его усы. ‑‑ Мне хочется знать,
каки"
Анны Павловны,павловн,18,158902,"18,20,21",3,"а
года тому назад у Анны Павловны. Еще был тут один в"
Бонапарт,бонапарт,18,177079,"21,22,25,33,35,36,41,72,74,93",10," том, как безбожный Бонапарт похитил в
Потсдаме "
Bourienne,bourienne,17,181396,"22,59,60,73,74,78,92",7,"у племяннику. M‑llе Bourienne тоже, как казалось,"
Болконский,болконский,17,306677,"37,39,40,41,50,51,54,58,67,73,86,90,93",13," дом старого графа, Болконский несколько
раз взгля"
Жюли,жюл,17,548867,"68,73,76,79,93",5,говорах она хвалила Жюли и советовала Никола
Безухову,безухов,16,20630,"1,3,9,16,21,42,44,47,50,51,80,83,84",13,"арные и ступай ты к Безухову, и скажи, что граф,"
Ростовым,ростовым,16,42371,"3,9,30,31,47,49,54,57,58,66,68,78,83,93",14,"Долохов, прощаясь с Ростовым
на крыльце клуба."
Балага,балаг,16,714429,"87,88",2,"‑‑ Иди, Балага приехал."
Граф,граф,15,2828,"0,1,15,29,51,61,64,67,71,86,89,93",12,‑‑ Батюшки‑светы! Граф молодой! ‑‑ вскрикн
Анна Михайловна,михайловн,15,4127,"0,1,20,47,62,76,77,79",8,"Соня, Наташа, Петя, Анна Михайловна, Вера, старый граф,"
Мама,мам,15,118851,"15,48,49,57,58,69,71",7,‑‑ Мама!… Мама!… он мне сде
Илагин,илаг,15,519492,"66,67",2,"ело было в том, что Илагин, с которым Ростовы "
После,посл,14,34386,"2,12,18,39,42,45,47,59,62,67,76,78,93",13,"аливать шампанское. После рыбы, которая произ"
Уж,уж,14,84624,"9,31,32,35,64,67,68,69,77,78,87",11,"‑‑ Уж этого я не знаю, но"
России,росси,14,180492,"22,23,29,36,39,40,41,42,60,68,72,74,79,93",14,"енных тогда по всей России. Старый
князь, несм"
Семену,семен,14,502835,"64,79,81",3, граф и обратился к Семену.
Кроме,кром,13,17514,"1,19,20,24,40,41,43,54,76,78,79,82",12," а
теперь некогда"". Кроме того, ему казалось "
Растопчин,растопч,13,23589,"1,2,74",3,"ворам, как‑то: граф
Растопчин, князь Юрий Владими"
Аустерлица,аустерлиц,13,24822,"1,2,25,26,34,38,46,65,93",9,"м и отступлением от
Аустерлица, где он один провел"
Про Болконского,болконского,13,26247,"1,22,40,41,58,59,61,80,90",9,"вую и пошел вперед. Про Болконского ничего не говорили,"
Данила,данил,13,493961,"63,64,65,82",4,"‑‑ Данила! ‑‑ сказал Николай,"
Диммлер,диммлер,13,546531,"68,69,70",3," графа. Таковы были Диммлер‑музыкант с женой, Ф"
Денисову,денисов,12,1744,"0,3,11,15,30,32,33",7,", ‑‑
обращался он к Денисову, который опять опус"
Багратиона,багратион,12,17908,"1,2",2,бе для приема князя Багратиона.
Митинька,митиньк,12,19065,"1,46,61,62,69,71",6,"мне цветы привезет? Митинька! А Митинька! Скачи
"
Марьи Ивановны,ивановн,12,22324,"1,9,64,68,69,70",6,"‑‑ Долохов, Марьи Ивановны сын, ‑‑ сказала она"
Старый,старый,12,29391,"2,7,22,25,28,38,68,71,74,92",10,"оторого он
дорожил. Старый граф подошел к ним "
Лицо,лицо,12,36715,"3,4,31,33,58,78,80,86,90,92",10,"пальцем переносицу. Лицо его
было уныло и мр"
Осипом Алексеевичем,алексеевич,12,142166,"17,31,42,43,45,72,90",7,"юдьми, открытую ему Осипом Алексеевичем. Через
неделю после"
Ей,ей,12,176506,"20,27,51,52,56,58,68,70,80,81,82,83",12,"алуста не говорите. Ей
слишком тяжело!"
Аракчеев,аракче,12,316023,"39,40",2,"гражданской части и Аракчеев
по военной. Князь А"
Николушка,николушк,11,3970,"0,1,9,22,38,59,60,73",8,"‑‑ А я то, не знал… Николушка… друг мой!"
Il,il,11,174287,"20,21,25,27,50,75,76,83",8,‑‑ Il faut distinguer ent
Перонская,перонска,11,371592,"46,49,50,51",4,"дочерьми и фрейлина Перонская, Пьер Безухов и сын"
Хорошо,хорошо,10,12895,"0,7,9,17,30,64,69,93",8,‑‑ Хорошо. За Бориса уже не х
Ему,ем,10,15801,"1,15,29,40,48,61,69,72,82",9,"рым условиям
жизни. Ему казалось, что он оч"
Денисовым,денисовым,10,17709,"1,2,3,4,10,11,12,29",8,"йский клуб, кутеж с
Денисовым, поездка туда ‑‑ эт"
Несмотря,несмотр,10,21224,"1,3,36,49,63,67,72,73,76,80",10,"ту
Анна Михайловна. Несмотря на то, что каждый д"
Долохову,долохов,10,29430,"2,4,10,14,29,87",6, к ним и пожал руку Долохову.
Два,дв,10,43305,"3,4,11,27,33,35,64,66,93",9,"о от
яркого солнца. Два соображения исключи"
Графиня,графин,10,56483,"5,15,50,57,68,69,71,77",8,"‑‑ Графиня приказала спросить,"
Несколько,несколько,10,65050,"6,7,26,31,47,65,66,67,80",9," о колени невестки. Несколько раз, в продолжение "
Марьей Богдановной,богдановн,10,67434,"7,8",2,"о, не послать ли за Марьей Богдановной? ‑‑ сказала
одна из"
Давно,давно,10,98890,"12,42,51,58,67,75,77,79,90",9,"‑‑ Давно не видались, ‑‑ ска"
Через,через,10,116545,"15,17,39,49,61,66,69,73,93",9,"низ в свою
комнату. Через четверть часа стары"
Вилларский,вилларский,10,142240,"17,18,42",3,"лодой польский граф Вилларский, которого Пьер
пове"
Мой,мой,10,164273,"19,22,23,58,91,93",6,"‑‑ Мой друг, чтò ты надела"
Борис Друбецкой,друбецк,10,170635,"20,33,44,45,50,74,75,79",8,"а своих
гостей, был Борис Друбецкой, только что приехав"
Милка,милк,10,493020,"63,65,66",3,"я, широкозадая сука
Милка с большими черными "
Данило,данило,10,493526,"63,64,65",3," доезжачий и ловчий Данило, по‑украински в
ско"
Nicolas,nicolas,9,13265,"0,10,69,70,86",5,"трашный? ‑‑ спросил Nicolas. ‑‑ Нет, Васька сла"
Для,дл,9,38282,"3,9,35,42,68,73,76,93",8,"л Пьер, я знаю его. Для него была бы
особен"
Je,je,9,52171,"5,21,23,25,27,33,91",7,"шие
из него слова: ""Je vous aime"".397 Всё "
Mon,mon,9,62479,"6,11,33,38,40,74,76",7,‑‑ Mon père! André?402 ‑‑ 
Лизе,лиз,9,63440,"6,7,38,59,76",5,"? Поди, поди, скажи Лизе."
Вдруг,вдруг,9,69516,"7,8,15,23,35,39,64,65",8,"тишала
ее волнения. Вдруг дверь ее комнаты ти"
Его,его,9,75874,"8,12,16,35,40,70",6,"го, что он
приехал. Его приезд не имел ника"
Неужели,неужел,9,115929,"14,16,48,58,85,86,93",7,"же мой! как хорошо! Неужели это я взял?
как сча"
Один,од,9,140687,"16,33,39,49,52,58,66,74",8,"ал несколько слов). Один
совет позвольте под"
Prusse,prusse,9,176759,"21,23",2,‑‑ Le Roi de Prusse!435 ‑‑ и сказав это
Boukshevden,boukshevden,9,193291,23,1,"ut livrer bataille. Boukshevden
est général en chef"
Отрадном,отрадн,9,306291,"37,46,50,57,61,62,67,85",8,в 1809‑м году жил в Отрадном всё так же как и пр
Анисья Федоровна,федоровн,9,534025,67,1,"
время, как входила Анисья Федоровна. На подносе были тр"
Georges,georges,9,676447,"82,83,84",3,"рых ‑‑ mademoiselle Georges, как говорили, он б"
Захар,захар,8,1048,"0,69",2,"ол‑перекресток, где Захар извозчик стоит; вот"
Кутузова,кутуз,8,24486,"1,2,3,6",4,"рона, неспособность
Кутузова, и (потихоньку гово"
Чем,чем,8,106504,"13,20,37,57,61,71,72,86",8," ужасное
состояние? Чем ознаменовалась эта "
Натали,натал,8,120711,"15,56,58,78,84,93",6,"‑‑ Натали, ‑‑ сказал он, быст"
Василий,василий,8,164260,"19,20,93",3,комнату вошел князь Василий.
Empereur,empereur,8,174338,"20,21,23,35",4,"inet de Vienne et l'Empereur
d'Autriche, ‑‑ сказ"
Le Roi,roi,8,176749,"21,23",2,‑‑ Le Roi de Prusse!435 ‑‑ и 
Лысых Гор,гор,8,182436,"22,26,28,59,60,74,85",7,"еся в 40 верстах от Лысых Гор.
Частью по причине "
Лазарев,лазар,8,292333,35,1,‑‑ Лазарев! ‑‑ нахмурившись пр
Дуняшу,дуняш,8,389584,"48,49,70",3,"ас заснет, крикнула Дуняшу
потушить свечку, и "
Карай,карай,8,500788,"64,65",2," отвечал Ростов. ‑‑ Карай, фюит! ‑‑ крикнул о"
Дядюшка,дядюшк,8,521343,"66,67",2,"спода ехали вместе. Дядюшка, Ростов, Илагин пог"
Пелагея Даниловна,даниловн,8,575802,"69,70",2,"Пелагея Даниловна, распорядившись очи"
Метивье,метивь,8,612127,"74,84",2,енного искусства ‑‑ Метивье. Он был принят в до
Нынче,нынч,7,11515,"0,28,39,69,74,83,86",7,"его своею красотой. Нынче, увидав ее мельком,"
Шиншин,шинш,7,25383,"1,2,77,79,80,82",6,"95 ‑‑ сказал
шутник Шиншин, пародируя слова Во"
Одною,одно,7,47909,"4,13,25,55,58,82,85",7,"азалась его
фигура. Одною рукою он держался з"
Лысых Горах,горах,7,60199,"6,7,22,28,36,59,73",7,"олучения известий в Лысых Горах об
Аустерлицком сра"
Andr,andr,7,62489,"6,22,27,60,75",5,‑‑ Mon père! André?402 ‑‑ Сказала нег
Какая,кака,7,74722,"7,8,9,15,34,43,93",7,‑‑ Какая судьба! ‑‑ проговор
Поди,под,7,95488,"11,37,58,60,66,88",6,"‑‑ Поди, выбери Денисова. В"
Моя,мо,7,109376,"13,15,17,25,28,55,59",7,‑‑ Моя кузина тут ни при ч
Тут,тут,7,138756,"16,29,31,35,51,67,70",7,"авидите свою жизнь. Тут нет
ничего мудреног"
Какое,како,7,148707,"17,25,40,58,61,69,79",7,‑‑ Какое понятие вы имеете о
Совет,совет,7,201364,"24,51,53,77",4,"следующий
бюджет. В Совет платилось около 80‑"
Во,во,7,206110,"24,34,36,58,80,93",6, грамоте и религии. Во всех имениях Пьер в
Болконскому,болконском,7,209181,"25,61,83,86,90",5,"хать к своему
другу Болконскому, которого он не вид"
Тильзит,тильзит,7,274286,"33,34",2,к государю поехал в Тильзит.
Сперанскому,сперанском,7,323602,"40,41,51,53",4,‑‑ Какое же дело Сперанскому до военных уставов?
Хороша,хорош,7,451478,"58,60,63,66,82,90",6," мужского
лица. ‑‑ ""Хороша, голос, молода, и н"
Скоро,скоро,6,696,"0,3,49",3,"""Скоро ли? Скоро ли? О, эт"
Наконец,наконец,6,1939,"0,17,23,25,78,93",6,"ошади не
двигаются. Наконец сани взяли вправо к"
Вчера,вчер,6,13656,"0,19,57,74,83,85",6,как обойтись с ней. Вчера они поцеловались в 
Право,право,6,19945,"1,67,87,93",4,"‑‑ Право, папенька, я думаю,"
Какова,как,6,20277,"1,8,17,51,52,69",6,"‑‑ Какова молодежь‑то, а, Фео"
Ничего,ничего,6,21370,"1,6,7,15,49,69",6,"‑‑ Ничего, граф, голубчик, ‑‑"
Несвицкий,несвицкий,6,41309,"3,4",2," кому он относился, Несвицкий и сосед с
правой ст"
Отец,отец,6,53465,"5,25,27,60,61,65",6,"ляла целовать себя. Отец, шутя,
возбуждал ее"
Никто,никто,6,55306,"5,7,16,43,78,81",6," прав, кто виноват? Никто. А жив и живи: завт"
Видно,видно,6,64263,"6,32,40,41,86,92",6,"ла на княжну
Марью. Видно было, что глаза ее "
Иогеля,иогел,6,85198,"9,10,11,14",4,"х adolescentes409 y Иогеля, где всегда бывали
"
Василий Дмитрич,дмитрич,6,88061,"10,11,14,15,32",5," особенно просил, и Василий Дмитрич (это был Денисов)
е"
Точно,точно,6,96029,"11,15,16,55,69,74",6,‑‑ Точно кота Ваську уговари
Эх,эх,6,115580,"14,15,31,74,88",5,"Раз, два, три… раз. Эх, жизнь наша дурацка"
Можно,можно,6,116192,"14,48,69,75,77",5," слово!… Всё вздор!
Можно зарезать, украсть и"
Позвольте,позвольт,6,131424,"16,27,49,51,81,93",6,"‑‑ Позвольте мне спросить, ‑‑ ск"
Ипполита,ипполит,6,170289,"20,21,93",3,"орожительного князя Ипполита, только что приехав"
Хотя,хот,6,186800,"22,46,74,76,91",5," армию несть конца.
Хотя немец, ‑‑ поздравля"
Тушин,туш,6,269282,32,1,"ленький человек. ‑‑ Тушин,
Тушин, помните дов"
Гости,гост,6,417096,"53,69,74",3,") и ее гувернантки. Гости были Жерве,
Магницк"
Ерзу,ерз,6,522095,66,1,"ро свою краснопегую Ерзу, за которую он год "
Смотри,смотр,5,1567,"0,22,82,87,90",5,"‑‑ Смотри же не забудь, тотча"
Обе,об,5,8315,"0,4,35,55,93",5,"ть, когда он вышел. Обе были в одинаковых, "
Нельзя,нельз,5,18751,"1,35,42,55,59",5,"‑‑ Нельзя меньше, три… майоне"
Надо,надо,5,19839,"1,3,55,81,93",5,"ть вот ты бы помог! Надо ведь еще
песенников"
Аустерлицком,аустерлицк,5,23059,"1,6,22,26,46",5,лучении известия об Аустерлицком сражении Москва при
Может,может,5,43533,"3,10,25,30,60",5,"для него человека. ""Может быть, я бы то же са"
Там,там,5,63748,"6,68,87,93",4,он в своем неверии? Там ли он теперь? Там л
Княжна,княжн,5,68050,"7,59,78,93",4,"ои маленькие ручки. Княжна выбежала из
комнаты"
Или,ил,5,77010,"8,12,22,31,66",5, Зачем там ребенок? Или это родился ребенок
Какие,каки,5,84710,"9,14,57,85,86",5,‑‑ Какие глупости…
Куда,куд,5,88105,"10,14,30,53,93",5,‑‑ Куда я не поеду по прика
Иогель,иогель,5,92301,11,1,"ющийся, добродушный
Иогель, который принимал б"
Польше,польш,5,95392,"11,15,82,92",4,"ая, что Денисов и в Польше даже славился своим"
Однако,однако,5,103958,"12,26,33,65,69",5,"‑‑ Однако ты не зарывайся, ‑‑"
Впрочем,впроч,5,140205,"16,25,60,83,85",5," не находил помощи… Впрочем, я сам прежде
всего"
Ah,ah,5,178145,"21,76,83,87,91",5,"les bons principes. Ah,
le méchant, ce pri"
Карл Иваныч,иваныч,5,185739,"22,28,87",3," подожди ради Бога. Карл Иваныч всегда говорит, что"
Билибина,билиб,5,187376,"22,23,44",3,списанное письмо от Билибина. Он сложил его не ч
Иванушка,иванушк,5,234458,27,1,"‑‑ А, и Иванушка тут, ‑‑ сказал княз"
Пелагеюшкой,пелагеюшк,5,236034,27,1,‑ Только в Юхнове с Пелагеюшкой сошлись…
Вечер,вечер,5,255139,"30,45,56,91",4,еще не возвращался. Вечер разгулялся; около с
Государь,государь,5,288299,"34,49,53,93",4,"сло в душе Ростова. Государь в
Преображенском му"
Сперанским,сперанским,5,315276,"39,40,41,50",4," и
исключительно со Сперанским. В это время готови"
Кочубея,кочубе,5,315882,"39,40,41",3,"кого, Новосильцева,
Кочубея и Строгонова, котор"
Магницкий,магницкий,5,327112,"40,53",2,"риятель ‑‑ господин
Магницкий, ‑‑ сказал он, дого"
Сперанском,сперанск,5,332864,"41,53,92",3,"егко поверил, что в
Сперанском он нашел этот идеал"
Тогда,тогд,5,344495,"42,75,85,87",4," к нашему братству. Тогда только орден
наш бу"
Елена Васильевна,васильевн,5,428252,"55,57,72,77",4,"Только графиня Елена Васильевна, сочтя для себя уни"
Отрадное,отрадно,5,457636,"58,61,67,85",4,"рвый раз приехали в Отрадное, я полюбила
вас, ‑‑"
Жюли Карагиной,карагин,5,466525,"59,68,79,82",4,"ербург своему другу Жюли Карагиной, которую княжна Мар"
Ругай,ругай,5,524127,"66,67",2,"‑‑ Ругай! На, на! ‑‑ крикнул"
Мелюковых,мелюковых,5,575537,"69,70",2,"а, любимица молодых Мелюковых, с ними вместе исче"
Курагину,курагин,5,634767,"76,83,86,87",4,"ела и внимательна к
Курагину."
Курагиным,курагиным,5,675327,"81,82,84,86",4,есь свой разговор с Курагиным и представляла себе
Макарин,макар,5,710527,"87,88",2," для
игры Долохов и Макарин, отставной гусар, д"
Батюшки,батюшк,4,2813,"0,67,79,93",4,‑‑ Батюшки‑светы! Граф молодой
Коля,кол,4,4021,"0,5,10,86",4,"… наш то… Друг мой, Коля… Переменился! Нет с"
Старая,стара,4,4961,"0,14,58,69",4,ал и искал кого‑то. Старая графиня еще не выхо
Дверь,дверь,4,7879,"0,2,8",3,омощью на товарища. Дверь пропустила Петю и о
Duport,duport,4,12235,"0,80,81",3,"е лицо. ‑‑
Ты видел Duport'a?"
Английского,английского,4,18027,"1,2,72",3,"ту, старшему повару Английского клуба, о спарже,
св"
Ваша,ваш,4,19910,"1,7,36,93",4,"ган что ли позвать? Ваша братия
военные это "
Илья Андреевич,андреевич,4,20664,"1,69,74",3,"ажи, что граф, мол, Илья Андреевич
прислали просить у "
Больше,больш,4,20731,"1,46,51,77",4," и ананасов свежих. Больше ни у кого не
достан"
Со,со,4,25935,"1,12,33,85",4," и просить: потише! Со всех
сторон слышны "
Нарышкина,нарышк,4,28233,2,1,"стопчина, Валуева и Нарышкина. Растопчин рассказы"
Много,много,4,34496,"2,11,15,45",4,"ими старшинами. ‑‑
""Много тостов будет, пора "
Оттого,оттого,4,51880,"5,48,68,75",4," дошел до этого? ‑‑
Оттого, что ты женился на "
Глаза,глаз,4,62162,"6,25,87,89",4,"г
опустилось в ней. Глаза ее перестали видеть"
Перед,перед,4,65344,"6,31,37,80",4," отыскивая чего‑то. Перед обедом в
ее комнату"
Австрию,австри,4,66227,"6,20,36,74",4," послал чиновника в Австрию
розыскивать след сы"
Фока,фок,4,67191,"7,68,93",3,"schtique (comme dit Фока ‑‑
повар) de ce mat"
Mon Dieu,dieu,4,68108,"7,27,84",3,‑‑ Oh! Mon Dieu! Mon Dieu!407 ‑‑ сл
Кажется,кажетс,4,68283,"7,31,69,74",4,"‑ Марья Богдановна! Кажется началось, ‑‑ сказал"
Увидав,увидав,4,71309,"7,18,58,66",4,"бы поправить свечи. Увидав, что князь
лежал на"
Есть,есть,4,80716,"9,31,91,93",4,"еперь ‑‑ эта
дуэль? Есть ли чувство честь у "
Зная,зна,4,80752,"9,48,65,67",4,"честь у этих людей! Зная, что он единственны"
Иногда,иногд,4,92658,"11,13,58",3,горались их глазки. Иногда танцовывали даже pa
Стало,стало,4,102276,"12,25,72,81",4,"валось 1200 рублей. Стало быть, семерка черве"
Папенька,папеньк,4,111289,"14,15,62",3,‑‑ Папенька дома? ‑‑ спросил он
Кому,ком,4,117443,"15,35",2,‑‑ Чтò? Кому?… Шутишь! ‑‑ крикну
Чего,чего,4,137590,"16,58,69,86",4,"оволен ли ты собой. Чего ты достиг, руководя"
Посмотрите,посмотрит,4,137937,"16,50,69,93",4,"познавать мудрость. Посмотрите на свою жизнь, госу"
Евангелие,евангели,4,146020,"17,18",2,"я книга. Книга была Евангелие; то белое, в чем го"
Первая,перва,4,149723,"17,59,65,78",4,"те в
наше братство. Первая главнейшая цель и к"
Напиши,напиш,4,165047,"19,60,85",3," думаю,
чувствуешь. Напиши сейчас со мною пись"
Киев,ки,4,167121,"19,24,28,61",4,"я дали
ему письма в Киев и Одессу, к тамошни"
Пруссию,прусси,4,170055,"20,23",2," наши уж вступили в
Пруссию, и началась наша вт"
Le,le,4,178819,"21,23,74",3,"‑‑ Пари. Le grand cordon, c'est"
Богучарово,богучарово,4,182379,"22,36,53,74",4,"елил сына и дал
ему Богучарово, большое имение, на"
Бенигсен,бенигсен,4,186670,"22,93",2,"ра, если не
вранье. Бенигсен под Эйлау над Буона"
Прейсиш,прейсиш,4,187029,"22,23,29",3, неделю всё было. О Прейсиш‑Эйлауском сражении 
Prussiens,prussiens,4,189032,23,1,"avez,
s'attaque aux Prussiens. Les Prussiens sont"
Буксгевдену,буксгевден,4,191729,"23,93",2,"и отнеслись к
графу Буксгевдену, думать должно о ре"
Некоторые,некоторы,4,200422,"24,32,51,93",4,"цы, приюты и школы. Некоторые управляющие (тут бы"
Опять,опять,4,203728,"24,28,34,66",4,"оздержаться от них. Опять целые дни, недели, "
Петра,петр,4,205707,"24,36",2,"у хлеб‑соль и образ Петра и Павла, и просили "
Третье,треть,4,220267,"25,45,49,91",4,"астолстеет и умрет. Третье, ‑‑ чтò бишь еще ты"
Лаврушка,лаврушк,4,243726,"29,30,61",3,"ыжих лошадей, когда Лаврушка
радостно закричал с"
Машкин,машк,4,248306,"29,30",2,"
называли почему‑то Машкин сладкий корень, и р"
Наши,наш,4,256013,"30,35,74",3,"ранспорты
отбивать! Наши два дня не ели."
Vous,vous,4,274636,"33,40,56,81",4,‑‑ Vous parlez de Buonapart
Императоры,император,4,282614,"34,93",2,"ервые условия мира.
Императоры поменялись орденами"
От,от,4,286371,"34,68",2,‑‑ От кого? Вы кто?
Эй,эй,4,298764,"35,39,88",3,дхватил Николай. ‑‑ Эй ты! Еще бутылку! ‑‑
Эрфурт,эрфурт,4,299011,"36,40,44",3,р Александр ездил в Эрфурт для нового свидания
Лошади,лошад,4,302581,"36,64,67,69",4," напоминали
о зиме. Лошади зафыркали, въехав в"
Впереди,вперед,4,305449,"37,64,69,79",4,"яски толпу девушек.
Впереди других, ближе, подб"
Партия,парти,4,322314,"40,55,68",3,бургского общества. Партия преобразователей ра
Кочубей,кочуб,4,323309,40,1," с Силой Андреичем
(Кочубей так называл Аракчее"
Болконским,болконским,4,328214,"40,61,86,90",4,тал нужным заняться Болконским.
Европы,европ,4,354769,"44,59,74,93",4,"опримечательностями
Европы. В Эрфурте она имел"
Св,св,4,359523,45,1,"восемь часов, читал Св. Писание, потом пош"
Писание,писани,4,359527,45,1,"мь часов, читал Св. Писание, потом пошел к долж"
Правду,правд,4,369365,"45,58,92,93",4,"и
думаю между тем: ""Правду ли я сказал?"" И вдр"
Мавруша,мавруш,4,394147,"49,68",2,"‑‑ Мавруша, скорее, голубушка!"
Ее,ее,4,403962,"51,57,69,79",4,"на величайшее горе. Ее не занимали ни
госу"
Иди,ид,4,441139,"57,87,93",3,‑ отвечала мать. ‑‑ Иди.
Любит,любит,4,445392,"57,58,86",3,"‑‑ Любит, я знаю, ‑‑ сердито"
Тебе,теб,4,465160,"59,65,67,85",4," и порчу детей. ‑‑ ""Тебе хочется его (Николи"
Федосьюшка,федосьюшк,4,477017,60,1,"ыла одна странница, Федосьюшка, 50‑ти‑летняя, мале"
Митька,митьк,4,501865,"64,67",2,"й стремянной графа,
Митька, отчаянный ездок и "
Жюли Карагина,караг,4,548068,"68,75",2,"ла. Партия эта
была Жюли Карагина, дочь прекрасных, д"
Schoss,schoss,4,555481,"68,69",2,"чая на вопросы m‑me Schoss
о том, чтó она гово"
Дом Карагиных,карагиных,4,629393,76,1,Дом Карагиных был в эту зиму в Мо
Дом,дом,3,2122,"0,83,93",3,"й и побежал в сени. Дом также стоял
неподви"
Друг,друг,3,4011,"0,4,28",3,"‑‑ Вот он… наш то… Друг мой, Коля… Перемени"
Душенька,душеньк,3,4085,"0,8,37",3,‑‑ Душенька… а меня‑то.
Слуги,слуг,3,6824,"0,15,27",3,оставлены у стенки. Слуги приносили умывальни
Знаменитого Дюпора,дюпор,3,12258,"0,80,93",3,"‑‑ Знаменитого Дюпора, танцовщика не вида"
Никогда,никогд,3,12628,"0,57",2,ак вот я чтò такое! Никогда ни за кого не пойду
Васька,васьк,3,13282,"0,11",2,"ил Nicolas. ‑‑ Нет, Васька славный."
Боря,бор,3,21627,"1,48",2,"Бориса. Слава Богу, Боря теперь при штабе."
Люди,люд,3,23537,"1,25,68",3,"лись
молчать о нем. Люди, дававшие направлен"
Валуев,валу,3,23636,"1,2",2,"мирович Долгорукий, Валуев, граф Марков,
князь"
Суворова,сувор,3,25190,"1,2,67",3,"ого
дохода с именем Суворова. Кроме того в возда"
Уваров,увар,3,28423,2,1,"но рассказывал, что Уваров был прислан из
Пете"
Беклешов,беклеш,3,30511,2,1,выражение его лицу. Беклешов и Федор Петрович Ув
Несвицким,несвицким,3,33812,"2,3",2,"Пьер рядом с князем Несвицким.
Граф Илья Андреич "
Петруша,петруш,3,40747,"3,22",2,"ье красивых женщин, Петруша, и их любовников, ‑"
Даже,даж,3,43598,"3,42,93",3," месте, думал Пьер. Даже наверное я бы сдела"
Левая,лева,3,48201,"4,38,69",3,"
на снег подле нее. Левая рука его была в кро"
Особенно,особенно,3,52379,"5,10,52",3," этом
воспоминании. Особенно живо, оскорбительно"
Часто,часто,3,54046,"5,42,60",3,""",398 говорила она. Часто, глядя на ее успех "
Нам,нам,3,59179,"5,74,84",3,"‑‑ Нам лучше расстаться, ‑"
Вон,вон,3,59753,"5,62,73",3," к Элен,
закричал: ""Вон!!"" таким страшным г"
Маша,маш,3,64945,"6,7,93",3,"‑‑ Чтò с тобой, Маша?"
Ma,ma,3,66711,"7,61",2,"‑‑ Ma bonne amie,403 ‑‑ с"
Non,non,3,67867,"7,11,21",3,"‑‑ Non, c'est l'estomac… d"
Oh,oh,3,68104,"7,14,80",3,‑‑ Oh! Mon Dieu! Mon Dieu
Прасковья Савишна,савишн,3,69615,"7,22",2,"тком ее старая няня Прасковья Савишна, почти
никогда, всл"
Тихона,тихон,3,70867,7,1,"о кабинету и послал Тихона к Марье
Богдановне "
Немного,немного,3,71227,"7,30,68",3,"о звука в кабинете. Немного погодя, Тихон вошел"
Официант Филипп,филипп,3,73480,"7,73",2,"а и текла от ветра. Официант Филипп, с испуганным лицом"
Феде,фед,3,80033,"9,88",2,"ова за его дружбу к Феде,
часто говорила ему"
Бонапартия,бонапарти,3,86053,"9,20,22",3,"проклинали анафемой
Бонапартия, и в Москве только "
Чудо,чудо,3,95524,"11,35,79",3,исова. Вот танцует! Чудо! ‑‑ сказал он.
Целый,целый,3,96088,"11,36,38",3,‑‑ Целый вечер вам буду петь
Господа,господ,3,100628,"12,34,66",3,"‑‑ Господа, ‑‑ сказал он, пром"
Завтра,завтр,3,109504,"13,35",2,"‑‑ Завтра, ‑‑ сказал Ростов, "
Молодежь,молодежь,3,109869,"14,69",2,"Дома еще не спали. Молодежь дома Ростовых, воро"
Божий,божий,3,137423,"16,28,54",3,"е
нашей вложен свет Божий, называемый совесть"
Окончив,окончив,3,139815,"16,58,67",3,"ивал свой тулупчик. Окончив эти дела, он обрати"
Долго,долго,3,141110,"16,70,81",3,виковского времени. Долго после его отъезда П
Сия,си,3,153486,"17,42,58",3,"е токмо объяснения. Сия храмина убранством
"
Прощай,прощай,3,162481,"18,67,74",3,"""Прощай врагу твоему, не мс"
Христос,христос,3,164488,"19,45,60",3,"на перед тобой,
как Христос перед жидами."
Князь,князь,3,166608,"19,74,93",3,"‑‑ Князь, я вас не звал к се"
Mortemart,mortemart,3,170253,"20,21",2,"той мужем, Элен, из Mortemart'a,
обворожительного"
Вены,вен,3,170325,"20,21,93",3," что приехавшего из Вены, двух
дипломатов, т"
Vienne,vienne,3,173878,20,1,"‑‑ ""Vienne trouve les bases du"
Urope,urope,3,174546,20,1,"Анна Павловна, ‑‑ l'Urope (она
почему то выго"
Казалось,казалось,3,179254,"21,53,66",3,"рдила желание
Элен. Казалось, что в этот вечер и"
Были,был,3,179608,"21,27,93",3,"еобходимо приехать. Были другие
гости, графи"
Venez,venez,3,179774,"21,81",2,‑‑ Venez demain dîner… le so
Пожалуйте,пожалуйт,3,183707,"22,31,88",3,"‑‑ Пожалуйте, ваше сиятельство, "
Эйлау,эйла,3,186683,"22,29",2,ранье. Бенигсен под Эйлау над Буонапартием як
Mais,mais,3,189176,"23,27,80",3," et
cause pour eux. Mais il se trouve que l'"
Пултуск,пултуск,3,191616,"23,29",2," привели разбитый в Пултуск! тут оно открыто, и"
Poultousk,poultousk,3,193592,23,1,"'est la
bataille de Poultousk qui est sensée être"
Павла,павл,3,205715,24,1,"оль и образ Петра и Павла, и просили позволен"
Антон,антон,3,210134,25,1,"ядька
князя Андрея, Антон, высадил Пьера из к"
Слышали,слышал,3,214910,"25,75,90",3, это всё кончилось? Слышали про дуэль?
Сибирь,сибирь,3,223903,"25,87",2,"екал и не посылал в
Сибирь), и еще меньше для "
Пока,пок,3,227592,"26,69,79",3,"реезжать на
пароме. Пока устанавливали коляс"
Полно,полно,3,236245,"27,37,57",3,"‑‑ Полно, Андрей, ‑‑ сказала"
Платова,плат,3,247058,"29,30",2," причислен к
отряду Платова."
Меня,мен,3,258005,"30,66,93",3,‑‑ Меня за разбой судить ‑‑
Одна,одн,3,261169,"30,78,80",3,"я своею
храбростью. Одна из пуль, пущенных ф"
Буонапарте,буонапарт,3,274620,"33,59,93",3," как и все, называл Буонапарте."
Napol,napol,3,274839,"33,35,41",3,"parle de l'empereur Napoléon,463 ‑‑ отвечал о"
Генерал,генерал,3,274867,"33,34,93",3,",463 ‑‑ отвечал он.
Генерал с улыбкой потрепал "
Жилинский,жилинский,3,276666,33,1,"м графом Жилинским. Жилинский,
воспитанный в Пари"
Париже,париж,3,276691,"33,74,83",3,"ский,
воспитанный в Париже поляк, был богат, с"
Напротив,напротив,3,281875,"33,61,76",3,"‑‑ Напротив, я сделаю, чтò могу"
Друбецкого,друбецкого,3,284369,"34,75,80",3," тем хуже будет для Друбецкого,
который довел меня"
Скажите,скажит,3,286212,"34,45,93",3,"‑‑ Скажите ему, что после. Сей"
Видел,видел,3,294891,"35,45",2,‑‑ Видел.
Вероятно,вероятно,3,303125,"36,40,86",3,ю дороги стоял дуб. Вероятно в десять раз старше
Аракчееву,аракчеев,3,317059,39,1,"ому министру, графу Аракчееву."
Si,si,3,330151,"40,83,91",3,‑‑ Si vous envisagez la q
Рассказывал,рассказывал,3,360727,"45,74,82",3,вали о суетах мира. Рассказывал о новых предначерта
Новое,ново,3,361374,"45,61,73",3,"вершилось принятие. Новое устройство
помещени"
Таврическому,таврическом,3,391809,49,1,"хать за фрейлиной к
Таврическому саду; а между тем б"
Сонюшка,сонюшк,3,396046,"49,69,77",3,"вошедшая няня. ‑‑ А
Сонюшка‑то, ну красавицы!…"
Прелесть,прелесть,3,400835,"50,93",2,"И
как просто одета. Прелесть!"
Жерве,жерв,3,417107,53,1,"рнантки. Гости были Жерве,
Магницкий и Столып"
Столыпин,столып,3,417126,53,1," Жерве,
Магницкий и Столыпин. Еще из передней кн"
Швейцарию,швейцари,3,427047,"54,60,92",3,"ицу, видеть Англию, Швейцарию, Италию. ""Мне надо
"
Et Nathalie,nathalie,3,437008,"56,79,84",3,"й истинное чувство.
Et Nathalie, il faut l'аvouer, "
Сначала,сначал,3,459626,"58,69,81",3,"стыми и искренними. Сначала в семействе
чувство"
Julie,julie,3,466762,"59,76",2,милый и нежный друг Julie.
Михаилом Ивановичем,иванович,3,469690,"59,87",2," и разговоров его с Михаилом Ивановичем, я знаю всё, чтò
де"
Совсем,совс,3,485268,"61,69",2,"‑‑ Совсем не та, ‑‑ говорил о"
Уварку,уварк,3,494571,63,1,‑‑ Уварку посылал послушать н
"Семен
Чекмарь",чекмарь,3,501649,64,1," отяжелевший ездок, Семен
Чекмарь. Чекмарь держал на "
Волк,волк,3,509480,65,1,"лось более секунды. Волк
бежал вперед и пере"
Охотники,охотник,3,515710,"65,66",2,нчие и трех борзые. Охотники съезжались с своими
Матёрый,матёрый,3,516142,"65,66",2,"й, ‑‑ сказал он. ‑‑ Матёрый, а? ‑‑ спросил он у"
Ругая,руга,3,523587,"66,67",2,"в Ерзу и в красного Ругая дядюшки, в двух сво"
Барыню,барын,3,537539,67,1,"и опять задребезжал Барыню с переборами и
пере"
Посмотри,посмотр,3,538246,"67,69,79",3,"‑‑ Посмотри‑ка, Анисьюшка, что "
Садись,садись,3,553106,"68,70,87",3,"‑‑ Садись, посиди со мной, ‑‑"
Барышня,барышн,3,562025,"69,77,85",3,"‑‑ Барышня, петуха принесли, ‑"
Дурак,дурак,3,566167,"69,87,88",3,‑‑ Дурак! ‑‑ закричала она н
Мелюковка,мелюковк,3,573264,69,1,"вым едем, разве это Мелюковка? Мы Бог знает где е"
Непременно,непременно,3,586044,"70,83,93",3,"ы три все молчали. ""Непременно!"" прошептала Наташа"
Мысль,мысль,3,589580,"71,83",2,"своих благодетелей. Мысль о
самопожертвовании"
Ольденбургского,ольденбургского,3,617397,74,1,ом владений герцога Ольденбургского и о русской враждеб
"Мой
Андрюша",андрюш,3,619269,"74,93",2,"е законы всё пишут. Мой
Андрюша там для России целы"
"Марьи Дмитриевны
Ахросимовой",ахросимов,3,637911,"77,90",2,"новиться в Москве у Марьи Дмитриевны
Ахросимовой, давно предлагавшей"
Тверь,тверь,3,684019,"83,87,90",3,"ужа нет, он уехал
в Тверь, а то бы я его за в"
Хвостиков,хвостик,3,710459,"87,88",2,"Два свидетеля ‑‑ Хвостиков, бывший приказный, "
Твери,твер,3,714629,87,1,"олк Анатоля стоял в Твери, с вечера увозил
ег"
Матрешу,матреш,3,721342,88,1,"шубу, накинул ее на Матрешу и закутал ее."
Спит,спит,2,879,"0,68",2," Денисов, приехали! Спит! ‑‑ говорил он, все"
Вася,вас,2,1720,"0,11",2," ‑‑ Да проснись же, Вася, ‑‑
обращался он к "
Старик Михайло,михайло,2,2546,0,1,Старик Михайло спал на ларе. Проко
Прокофий,прокофий,2,2575,0,1,"хайло спал на ларе. Прокофий, выездной лакей, то"
Голубчик,голубчик,2,2896,0,1,"рина.
‑‑ Что ж это? Голубчик мой! ‑‑ И Прокофий,"
Поздно,поздно,2,7113,"0,34",2,"‑‑ Поздно, десятый час, ‑‑ от"
Говори,говор,2,9448,"0,86",2,"‑‑ Говори ей вы, пожалуста, я"
Георгием,георги,2,16119,"1,35",2,"нтике, с солдатским Георгием, готовит
своего рыс"
Архаровых,архаровых,2,16308,"1,81",2,"л мазурку на бале у Архаровых, разговаривал о
вой"
Каменским,каменским,2,16356,"1,93",2,"йне с фельдмаршалом Каменским, бывал в английском"
Александру Павловичу,павлович,2,16840,"1,55",2,"ожания к императору Александру Павловичу, которому в Москве "
Английском,английск,2,17874,1,1,устройством обеда в Английском клубе для приема кн
Феоктисту,феоктист,2,18000,1,1,"оному и
знаменитому Феоктисту, старшему повару Ан"
Скажи,скаж,2,19257,"1,68",2,"Максимке‑садовнику. Скажи, чтобы все оранжере"
Хоть,хоть,2,19817,"1,85",2,ясь перед сыном. ‑‑ Хоть вот ты бы помог! На
Музыка,музык,2,19865,"1,79",2,"едь еще
песенников. Музыка у меня есть, да цыг"
Долгорукова,долгорук,2,25568,"1,2",2,"орялись слова князя Долгорукова: ""лепя, лепя и
обле"
Большинство,большинство,2,26879,"2,42",2,"ложить свои
услуги. Большинство присутствовавших бы"
Старики,старик,2,28030,"2,68",2,"о
кружка к другому. Старики из самых значительн"
Ко,ко,2,29444,"2,34",2,"‑‑ Ко мне милости прошу, "
Шенграбене,шенграбен,2,30957,"2,32",2,"ед Курским полком в
Шенграбене. Старшины встретили"
Чувствуя,чувству,2,31926,"2,45",2," чтоб он покорился. Чувствуя себя в их
власти, Б"
Гром,гр,2,32831,2,1,"столовой польский: ""Гром
победы раздавайся, "
Обеды,обед,2,33974,"2,53",2,"о не пропали даром. Обеды его, постный и скор"
Тщетны Россам,россам,2,35655,"2,63",2,"""Тщетны Россам все препоны,"
Лакей,лак,2,40870,"3,91",2,"а и не
отвечая ему. Лакей, раздававший кантат"
Полноте,полнот,2,41392,"3,48",2,"‑‑ Полноте, полно, чтò вы? ‑‑ "
Уйти,уйт,2,43738,"3,14",2," локоть, в коленку. Уйти отсюда, бежать, зар"
Противники,противник,2,45717,"3,4",2,"и оттепелей снегом. Противники стояли шагах в
соро"
Минуты,минут,2,46061,"3,61",2,"чего не было видно. Минуты три всё было
уже го"
Очевидно,очевидно,2,46320,"4,65",2,"тановилось страшно. Очевидно было, что дело, нач"
Три,тр,2,46681,"4,86",2,‑‑ Р…аз! Два! Три!… ‑‑ сердито прокри
Смерть,смерть,2,49539,"4,15",2,‑‑ Глупо… глупо! Смерть… ложь… ‑‑ твердил о
Василья,василь,2,52113,"5,43",2,"после ужина у князя Василья, когда он сказал эт"
Людовика,людовик,2,54988,"5,15",2,"""Людовика XVI казнили за то, "
Потому,потом,2,58527,"5,46",2," любовник?… Почему? Потому
что я люблю его общ"
Расстаться,расстатьс,2,59234,5,1,"‑‑ Расстаться, извольте, только е"
Сказала,сказал,2,62502,"6,58",2," père! André?402 ‑‑ Сказала неграциозная, нелов"
Получил,получил,2,62654,6,1,‑‑ Получил известие. В числе п
Идите,идит,2,63996,"6,19",2,"ей и русскую славу. Идите, княжна Марья. Иди "
Marie,marie,2,64405,"6,7",2,"‑‑ Marie, ‑‑ сказала она, от"
Мари,мар,2,64779,6,1," странно. И знаешь, Мари, я очень буду
любит"
Машенька,машеньк,2,69721,"7,77",2,"‑‑ С тобой, Машенька, пришла посидеть, ‑"
Демьяна,демьян,2,73839,7,1,"ал голос дворецкого Демьяна, бывшего уже
внизу."
Безуховым,безуховым,2,79534,"9,16",2, в дуэли Долохова с Безуховым было замято старани
Вследствие,вследстви,2,79705,"9,20",2,"енерал‑губернатору.
Вследствие этого он не мог еха"
Добродетели,добродетел,2,80190,"9,17",2,"азвращенного света. Добродетели никто не любит,
она"
Лови,лов,2,86973,10,1,"ти дни праздников. ""Лови
минуты счастия, зас"
Архаровым,архаровым,2,88288,"10,85",2,"оли успею! Я обещал Архаровым, у них вечер, ‑‑ ск"
Можешь,можешь,2,89454,"10,12",2,‑‑ Можешь себе представить! о
Сколько,сколько,2,89667,"10,73",2,"‑‑ Сколько ее ни просила мама,"
Знаешь,знаешь,2,89837,"10,69",2," сказала Наташа. ‑‑ Знаешь, Николинька, не сер"
Sophie,sophie,2,90376,"10,58",2,"‑‑ Sophie, ‑‑ сказал он снача"
Волшебница,волшебниц,2,96138,"11,14",2,‑‑ Волшебница всё со мной сделает
Оставь,оставь,2,101248,"12,89",2,"‑‑ Оставь, ‑‑ сказал Долохов,"
Иль,иль,2,101366,12,1,"им даю, а тебе бью. Иль ты меня
боишься? ‑‑"
Ох,ох,2,103697,"12,27",2,"‑‑ Ох, московские тетушки"
Вместо,вместо,2,104266,"13,24",2,"ь на одном Ростове. Вместо тысячи шестисот
руб"
Верно,верно,2,106793,"13,61",2,"
это не может быть! Верно всё это ничем не ко"
Действительно,действительно,2,107326,"13,69",2,"а! Вот и цыгане! ‑‑ Действительно с своим
цыганским а"
Десятка,десятк,2,108332,"13,67",2,его в своей власти… Десятка была дана.
Твоя,тво,2,109309,"13,45",2,‑‑ Твоя кузина… ‑‑ хотел ск
Коко,коко,2,111507,"14,60",2,"‑‑ Коко, ты приехал, поди к"
Проезжающий,проезжающий,2,127476,"15,16",2,"шадей проезжающего. Проезжающий был
приземистый, ши"
Адамовой,адамов,2,128362,"15,16",2,"тень с изображением Адамовой головы, неподвижно
"
Имею,име,2,129742,"16,39",2,‑‑ Имею удовольствие говори
Извините,извинит,2,132218,"16,93",2," лени и невежества. Извините меня, государь
мой,"
Адама,адам,2,132714,16,1,"колений, от праотца Адама и до нашего
времени"
Кого,кого,2,133798,"16,34",2, о ком мы говорили? Кого ты отрицал? ‑‑ вдру
Высшая,высша,2,136588,16,1,‑‑ Высшая мудрость и истина е
Приехав,приехав,2,140720,"16,59",2,"звольте подать вам. Приехав в столицу, посвятит"
Осип Алексеевич Баздеев,базде,2,140967,16,1,"Проезжающий был Осип Алексеевич Баздеев, как узнал Пьер по "
Вилларским,вилларским,2,144630,"17,18",2,гами подвигалась за Вилларским.
Прочтя,прочт,2,146109,"17,57",2,"ми дырами и зубами. Прочтя первые слова
Еванге"
Смольянинова,смольянин,2,148031,17,1,"знакомого
человека, Смольянинова, но ему оскорбитель"
Поэтому,поэтом,2,150272,"17,41",2," скоро
обрести его. Поэтому мы имеем вторую цел"
Соломона,соломон,2,151824,"17,42",2,"семи ступеням храма Соломона, которые должен был"
Женщины,женщин,2,155486,17,1," Горячность? Злоба? Женщины?""
Перебирал он свои"
Вокруг,вокруг,2,158564,"18,25",2,"вшихся в ней людей. Вокруг длинного стола, пок"
Кругом,круг,2,159257,"18,93",2,ангелием и черепом. Кругом стола было семь бол
Великий,великий,2,161769,"18,42",2,"ец позволили
сесть. Великий мастер начал читать"
Будь,будь,2,162319,"18,88",2,"и вражды на брата. ""Будь ласков и
приветлив."
Василия,васили,2,165966,19,1,"моуверенности князя Василия, что и теперь он
чу"
Одессу,одесс,2,167128,"19,68",2,"ему письма в Киев и Одессу, к тамошним масонам"
Воспоминание,воспоминани,2,173345,"20,47",2," и презирал
Москву. Воспоминание о доме Ростовых и о"
Autriche,autriche,2,174349,20,1,"nne et l'Empereur
d'Autriche, ‑‑ сказал Mortemar"
Глогау,глога,2,175199,"20,93",2," свое путешествие в Глогау и положение, в кото"
Более,боле,2,175647,"20,68",2,"вием всеми
гостями. Более вcех внимания к рас"
Фридриха Великого,великого,2,177113,"21,74",2,"ил в
Потсдаме шпагу Фридриха Великого."
Пари,пар,2,178813,"21,26",2,"‑‑ Пари. Le grand cordon, c"
Италии,итали,2,181707,"22,54",2,"влен привезенный из Италии мраморный памятник,"
Лысыми Горами,горам,2,182499,"22,25",2,"инаний, связанных с Лысыми Горами,
частью потому, что"
Буонапартием,буонапарти,2,186693,22,1,игсен под Эйлау над Буонапартием якобы полную виктор
Корчеву,корчев,2,187250,22,1,"и ж немедля скачи в Корчеву и исполни!"""
Austerlitz,austerlitz,2,188740,23,1,"nos grands succès d'Austerlitz vous savez, mon che"
Ce,ce,2,188905,"23,81",2,"t bien m'en a pris. Ce que j'ai vu ces
tro"
Bonaparte,bonaparte,2,189529,23,1," le Roi de Prusse à Bonaparte, queV. M.
soit accu"
Bref,bref,2,190042,23,1,"""Bref, espérant en impose"
On,on,2,190732,23,1,"ier de Pétersbourg. On apporte les malles
"
Benigsen,benigsen,2,191501,23,1, du jour au général Benigsen.
Dans,dans,2,196192,"23,33",2,n pour les chasser. Dans une de ces attaques
Управляющий,управляющий,2,203278,24,1,"что он занят делом. Управляющий
же старался притвор"
Слова,сл,2,211072,"25,51",2,"ена в князе Андрее. Слова были ласковы, улыбк"
Навсегда,навсегд,2,214805,25,1,‑‑ Навсегда? ‑‑ сказал князь Ан
Другие,други,2,220517,"25,28",2," проще ему умереть. Другие родятся, и так их м"
Взгляд,взгляд,2,221017,"25,47",2,олго не говоривший. Взгляд его оживлялся тем б
Служу,служ,2,222672,"25,87",2,‑‑ Служу. ‑‑ Он помолчал нем
Юхнове,юхнов,2,223091,"25,27",2,"есил протоколиста
в Юхнове, ‑‑ сказал князь Ан"
Про,про,2,226034,"26,64",2,"‑‑ Про чтó я думаю, ‑‑ спр"
Было,было,2,231088,"26,68",2,"зливу. Пьер замолк. Было совершенно тихо.
Па"
Свидание,свидани,2,231985,"26,33",2,"азвить, жило в нем. Свидание с Пьером было
для к"
Пойдем,пойд,2,233226,"27,34",2,"‑‑ Пойдем к сестре, ‑‑ сказал"
Qu,qu,2,233454,"27,34",2,‑‑ Qu'est ce que c'est qu
Pierre,pierre,2,235007,"27,91",2,"ce que j'explique à Pierre votre
intimité avec"
Vraiment,vraiment,2,235058,"27,75",2,‑‑ Vraiment?459 ‑‑ сказал Пьер 
Киеве,киев,2,235674,27,1,"‑‑ Где, в Киеве была? ‑‑ спросил ст"
Колязина,коляз,2,235861,27,1,"х таин. А теперь из
Колязина, отец, благодать ве"
Ни,ни,2,236320,27,1,"‑‑ Ни… что ты, мать, отче"
Богородица,богородиц,2,236647,27,1,", матушка пресвятая Богородица открылась. Я с
тех "
Здоровье,здоровь,2,240263,"28,61",2,"ень беспокоит меня.
Здоровье его зимой лучше, но"
Павлоградском,павлоградск,2,245453,"29,61",2,"
считается дурным в Павлоградском полку; а пошлют, де"
Бартенштейна,бартенштейн,2,246695,"29,30",2,"едоточивалась около Бартенштейна.
Ожидали приезда го"
Экая,эка,2,251687,"29,67",2,‑‑ Экая дурацкая ваша пород
Постой,пост,2,259381,"30,70",2," опять
кровь пошла. Постой же, перебинтовать н"
Каждый,каждый,2,260773,"30,64",2,дурные последствия. Каждый день стали приходит
Макеев,маке,2,263929,31,1,"‑ Кажется, умер. А? Макеев, ‑‑ равнодушно спро"
Запах,запах,2,265290,31,1," солдатские палаты.
Запах, к которому он уже "
Слушаю,слуша,2,267169,"31,63",2,"‑‑ Слушаю, ваше высокоблагоро"
Почти,почт,2,267491,"31,93",2, оглянулся на него. Почти в самом углу на шин
Передай,передай,2,274008,"32,92",2,"‑‑ Передай, видно… ‑‑ Он не до"
Немане,неман,2,274995,33,1,сле немногих был на Немане в день свидания имп
Жилинским,жилинским,2,276655,"33,35",2,"ом, польским графом Жилинским. Жилинский,
воспита"
Жилинского,жилинского,2,277308,33,1," и вошел в квартиру Жилинского и
Бориса."
Почетного,почетного,2,282664,"34,93",2,": Александр получил Почетного легиона, а
Наполеон"
Просьба,просьб,2,285272,34,1,"‑‑ Просьба ‑‑ к дежурному, пож"
Подъехав,подъехав,2,289989,"35,66",2,"том шитом, чепраке. Подъехав к
Александру, он пр"
Ура,ур,2,290167,"35,88",2,атальоны закричали: Ура и Vive l'Empereur!4
Толпа,толп,2,290910,35,1,"которая стояла тут. Толпа
очутилась неожиданн"
Лица,лиц,2,292769,"35,67",2,"желая взять что‑то. Лица его свиты, догадавш"
Лазареву,лазарев,2,293167,35,1,"
Наполеон подошел к Лазареву, который, выкатывая"
Разговор,разговор,2,297014,"35,62",2,"соединились к нему. Разговор естественно
зашел о"
День,день,2,305809,"37,67",2," от чего‑то больно. День был так хорош, солн"
Фельдмаршал,фельдмаршал,2,316881,"39,93",2,"аршалу, другу отца.
Фельдмаршал, назначив ему час, "
Изволите,изволит,2,319729,"39,67",2,"‑‑ Изволите видеть, мой любезне"
Без,без,2,320856,39,1,"‑‑ Без жалованья членом, ‑"
Михаила Михайловича,михайлович,2,323493,"40,53",2," деле вы не минуете Михаила Михайловича.
C'est le grand fai"
Неприятно,неприятно,2,335141,"41,46",2,"ажали князя Андрея. Неприятно поражало
князя Андр"
Сенату,сенат,2,337248,"41,53",2,"вую судебную власть Сенату, а у нас нет законо"
Поставив,поставив,2,339143,"42,73",2,"поверхность болота. Поставив ногу, он провалился"
Чтобы,чтоб,2,339173,"42,62",2,"огу, он провалился. Чтобы вполне
увериться в "
"Ивана
Васильевича",васильевич,2,339600,"42,91",2,", а не князя Б., не Ивана
Васильевича Д., которых он знал"
Таковы,таков,2,341139,"42,68",2,ержании и значении. Таковы были Вилларский и д
Всякая,всяка,2,343990,"42,72",2,"ьма далеки от того.
Всякая насильственная рефо"
Одним,одним,2,344641,"42,93",2," того не примечали. Одним
словом, надобно учр"
Востока,восток,2,349702,"43,74",2,"ал ему знак
рыцарей Востока и Иерусалима, он от"
Наполеоновского,наполеоновского,2,354320,"44,93",2,"кружок французский,
Наполеоновского союза ‑‑ графа Румя"
Улыбка,улыбк,2,357755,"44,56",2,"ним как с ребенком. Улыбка ее в отношении его
"
Встал,встал,2,359495,45,1,"""Встал в восемь часов, чит"
Твоим,твоим,2,360003,45,1,"не ходить по стезям Твоим, 1) побеждать часть"
Великий Архитектон,архитектон,2,362616,45,1,"и великому мастеру. Великий Архитектон природы, помоги мне"
Всего,всего,2,363051,"45,93",2,"е, имеющее значение Всего. Беседы с
братом В."
Твой,тв,2,365370,"45,89",2,"не в левое ухо: ‑‑ ""Твой день""."
Божию,божи,2,367348,"45,79",2,"нившую меня милость Божию. И
появились у меня"
Отрадного,отрадного,2,378421,"47,62",2,"роезжал недалеко
от Отрадного, но ни разу не был "
Узнав,узнав,2,379679,"47,83",2,"ла в своей комнате.
Узнав о его приезде, она "
Перестань,перестань,2,386073,"48,87",2,"‑‑ Перестань говорить глупости, "
Говорите,говорит,2,386462,48,1,"‑‑ Говорите, мама, чтò же вы мо"
Ужасно,ужасно,2,387832,"48,69",2,"сю кровать
трясете. Ужасно вы на меня похожи, "
Постойте,постойт,2,387878,"48,78",2,"такая же хохотунья… Постойте… ‑‑
Она схватила об"
Хозяин,хозя,2,398520,50,1,"е более ослепил ее. Хозяин и хозяйка, уже полч"
Перонской,перонск,2,398674,"50,51",2,ретили и Ростовых с Перонской.
Глядя,гляд,2,398934,"50,92",2,"й хозяйской улыбке. Глядя на нее, хозяйка всп"
Charmante,charmante,2,399119,"50,83",2,"‑‑ Charmante!506 ‑‑ сказал он, п"
Марье Антоновне,антоновн,2,399944,50,1," хороша! Не уступит Марье Антоновне; смотрите, как за н"
Говорят,говорят,2,400030,50,1,". И хороша, и умна… Говорят принц… без
ума от н"
Смотрите,смотрит,2,402112,"50,79",2,"е‑то проекты пишут.
Смотрите, как с дамами обращ"
Барон Фиргоф,фиргоф,2,406472,51,1,далеко от Ростовых. Барон Фиргоф говорил с ним о зав
Бицкий,бицкий,2,414614,53,1,"Приехавший был Бицкий, служивший в различ"
Дам,дам,2,416989,"53,79",2,"акомых
Сперанского. Дам не было никого кром"
Всем,вс,2,420201,"53,89",2,"
общему настроению. Всем было, казалось, оче"
Главное,главно,2,425572,"54,55",2,"будущее?… Да и нет. Главное, о чем ему хотелось"
Милый,милый,2,445139,"57,93",2,"Это редкая девушка… Милый друг, я вас прошу, "
Простите,простит,2,456965,"58,59",2,"‑‑ Простите меня, ‑‑ сказал кня"
Редко,редко,2,460837,"58,77",2,"
всё также молчали. Редко они говорили о буду"
Удивляюсь,удивляюсь,2,471320,"59,68",2," чтó ему следовало.
Удивляюсь, каким образом вооб"
Любовь,любовь,2,479184,"61,85",2,"ека до его падения. Любовь к праздности
остала"
Анну,анн,2,482895,61,1,"мистры, или получит Анну за последние маневр"
Русак,русак,2,491817,"63,66",2,"рко‑зеленых озимей. Русак
уже до половины зат"
Отрадненский,отрадненский,2,494664,63,1,"нья, ‑‑ сказывал, в Отрадненский заказ перевела, там"
Едем,ед,2,495924,63,1,"‑‑ Едем, ‑‑ неохотно отвеча"
Михайла,михайл,2,496504,"63,64",2,"вели нам седлать, и Михайла чтобы выезжал с мое"
Отрадненскому,отрадненском,2,497430,64,1,"о в
поле, ведущее к Отрадненскому заказу. Лошадь стар"
Вифлянкой,вифлянк,2,497506,64,1,"еренка, называемого Вифлянкой, вел графский стрем"
Здравствуйте,здравствуйт,2,498605,64,1,"‑‑ Здравствуйте, дядюшка, ‑‑ сказал"
Илагины,илагин,2,498949,"64,66",2,"й Гирчик донес, что
Илагины с охотой в Корниках"
Трунила,трунил,2,499851,64,1," прелестная собака, Трунила! он узнал меня, ‑‑
"
Наталью Ильиничну,ильиничн,2,502847,"64,90",2,‑‑ Наталью Ильиничну видел? ‑‑ спросил о
Поискать,поискать,2,503617,64,1,"‑‑ Поискать… ‑‑ повторил граф, "
Намедни,намедн,2,503774,"64,77",2,‑‑ Намедни как от обедни во вс
Михаил,михаил,2,503823,64,1," регалии вышли, так Михаил‑то
Сидорыч… ‑‑ Семе"
Вслед,вслед,2,504197,64,1,"л в руке табакерку. Вслед за лаем собак
послы"
Улюлюлю,улюлюл,2,506640,"64,65",2,"‑‑ Улюлюлю, улюлю!… ‑‑ кричал "
Надежда,надежд,2,507962,"65,73",2, будет травить его. Надежда сменялась отчаянием
Улюлю,улюл,2,510588,65,1,‑‑ Улюлю!… ‑‑ не своим голос
Карая,кара,2,512005,65,1,"о видно,
что расчет Карая был ошибочен. Никол"
Около,около,2,518071,"66,79",2,"роча, стояли пешие. Около них на
чумбурах сто"
Илагинская,илагинска,2,519336,66,1,"ыла эта враждебная, Илагинская охота."
Илагинских,илагинских,2,521730,"66,67",2,"слыхал про
резвость Илагинских собак, и в этой кра"
Ату,ат,2,523143,66,1,"‑‑ Ату ‑‑ его, ‑‑ послышал"
Ругаюшка,ругаюшк,2,524160,66,1,"! ‑‑ крикнул он. ‑‑ Ругаюшка! ‑‑ прибавил он, не"
Заяц,заяц,2,525244,66,1,"из вида ход травли.
Заяц попался матёрый и р"
Вишь,вишь,2,530498,67,1," а подол болтается…
Вишь и рожок!"
Анисьюшка,анисьюшк,2,538259,67,1,"‑‑ Посмотри‑ка, Анисьюшка, что струны‑то целы"
Анисье,анись,2,541313,67,1,"сё то, чтó было и в Анисье, и в отце Анисьи, и"
Ай,ай,2,541486,67,1, окончив пляску. ‑‑ Ай да племянница! Вот 
Никита,никит,2,553801,"68,69",2,"‑‑ Да, Никита, сходи пожалуста… """
Миша,миш,2,553914,68,1,"а петуха; да, а ты, Миша, принеси
овса."
Фогелю,фогел,2,555057,68,1,"ежала по
лестнице к Фогелю, который с женой жи"
Остров Мадагаскар,мадагаскар,2,555356,68,1,"‑‑ Остров Мадагаскар, ‑‑ проговорила она"
Ма,ма,2,555398,68,1,"проговорила она. ‑‑ Ма‑да‑гас‑кар, ‑‑
повт"
Поля,пол,2,562092,69,1,"‑‑ Не надо, Поля, вели отнести, ‑‑ с"
Эдуард Карлыч,карлыч,2,562282,69,1,"‑‑ Эдуард Карлыч, сыграйте пожалуста"
Мелюковым,мелюковым,2,567565,69,1,"го. Уж ехать, так к Мелюковым."
Пошел,пошел,2,569486,"69,87",2,"‑‑ Пошел вперед, Захар! ‑‑ к"
Коренной,коренн,2,571115,69,1,"ала свои постромки. Коренной раскачивался,
повод"
Графские,графски,2,574381,"69,77",2,"‑‑ Графские наряженные, по лоша"
Пелагея Даниловна Мелюкова,мелюк,2,574519,69,1,"Пелагея Даниловна Мелюкова, широкая, энергичес"
Сашинет,сашинет,2,576787,69,1,"‑‑ Сашинет‑то моя, Сашинет‑то!"
Какого,какого,2,584982,"70,75",2,"‑‑ Какого‑то с усами вижу, ‑‑"
Необходимо,необходимо,2,592320,"71,93",2,дь решительных мер. Необходимо было продать москов
Николин,никол,2,612389,74,1,"В Николин день, в имянины кня"
Франции,франци,2,619854,"74,93",2,"ь, что мы у себя во
Франции на такие пустяки не"
Et,et,2,624670,"75,76",2," être
mélancolique. Et il est très mélanco"
До,до,2,626307,"75,93",2,‑ Но чтò же делать? До года остается тольк
Болконской,болконск,2,628302,76,1,"о было ухаживать за
Болконской. В последнее свое с"
Карагиным,карагиным,2,632231,76,1,"а, часто ездившая к Карагиным, составляя партию м"
Старой Конюшенной,конюшенн,2,638060,"77,88",2," Марьи Дмитриевны в
Старой Конюшенной. Марья Дмитриевна ж"
Иверской,иверск,2,640820,77,1,"ь ‑‑ завтра свожу к
Иверской, а потом и к Обер‑Ш"
Обер,обер,2,640842,77,1,"ерской, а потом и к Обер‑Шельме заедем. Ведь"
Шальме,шальм,2,641661,"77,83",2,"рской и к
m‑me Обер‑Шальме, которая так боялас"
Вздвиженке,вздвиженк,2,644023,"78,83",2,"у, мрачному дому на Вздвиженке и вошли в сени."
Анне Семеновне,семеновн,2,646044,78,1,"Собачью Площадку, к Анне Семеновне, и
заеду за ней."
Михаил Кирилыч,кирилыч,2,654265,"79,93",2,"‑‑ Батюшки! Михаил Кирилыч‑то еще потолстел, ‑"
"Граф
Петр Кириллович",кириллович,2,657374,"79,93",2,"ил Илья Андреич. ‑‑ Граф
Петр Кириллович нас никогда не забы"
Поезжайте,поезжайт,2,671303,"81,93",2," карусель, графиня?
Поезжайте, ‑‑ сказал он и, пр"
Вскоре,вскор,2,687878,"84,90",2,"расотой и
туалетом. Вскоре после их приезда, m"
Каменку,каменк,2,710091,87,1,"ст от Москвы в село Каменку,
где был приготовле"
Макарка,макарк,2,711168,87,1,‑‑ Макарка (они так звали Мака
Убирайся,убирайс,2,713278,"87,93",2,"‑‑ Убирайся к чорту, ‑‑ сказал "
Макарину,макарин,2,718438,"87,88",2,"инания, обращаясь к Макарину, который во все гла"
Тпрру,тпрр,2,722290,88,1,"‑‑ Тпрру! Поди, эй!… Тпрру, "
Наталья,наталь,2,725903,89,1,‑‑ Наталья!.. ‑‑ сказала Марья
Десале,десал,2,747357,92,1,"ьера, и о господине Десале,
которого он воспит"
Любезный,любезный,2,757770,93,1,"415 ‑‑ Любезный граф, вы один из лу"
Милая,мила,2,768018,93,1,518 Милая матушка
