source,source_lower,target,target_lower,weight,context_level,chapters,num_chapters
Наташа,наташ,Соней,сон,56,sentence,0,1
Андрей,андр,Пьеру,пьер,31,sentence,0,1
Андрея,андре,Наташа,наташ,25,sentence,0,1
Денисов,денис,Ростов,рост,23,sentence,0,1
Марьи Дмитриевны,марь дмитриевн,Наташа,наташ,22,sentence,0,1
Петербурге,петербург,Пьеру,пьер,17,sentence,0,1
Наташа,наташ,Николай,николай,15,sentence,0,1
Андрей,андр,Наташа,наташ,15,sentence,0,1
Князь Андрей,князь андр,Пьеру,пьер,14,sentence,0,1
Николай,николай,Соней,сон,13,sentence,0,1
Долохов,долох,Ростов,рост,13,sentence,0,1
Андрея,андре,Пьеру,пьер,13,sentence,0,1
Николая,никола,Соней,сон,12,sentence,0,1
Наташа,наташ,Пьеру,пьер,11,sentence,0,1
Наташа,наташ,Петя,пет,10,sentence,0,1
Bourienne,bourienne,Марья,марь,10,sentence,0,1
Долохов,долох,Пьеру,пьер,9,sentence,0,1
Москвы,москв,Петербурге,петербург,9,sentence,0,1
Денисов,денис,Наташа,наташ,8,sentence,0,1
Наташа,наташ,Ну,ну,8,sentence,0,1
Наташа,наташ,Ростовых,ростовых,8,sentence,0,1
Наташа,наташ,Николая,никола,8,sentence,0,1
Москвы,москв,Наташа,наташ,8,sentence,0,1
Борису,борис,Жюли,жюл,8,sentence,0,1
Марьи Дмитриевны,марь дмитриевн,Пьеру,пьер,8,sentence,0,1
Москвы,москв,Ростов,рост,7,sentence,0,1
Андрей,андр,Марья,марь,7,sentence,0,1
Андрей,андр,Андрея,андре,7,sentence,0,1
Марья,марь,Пьеру,пьер,7,sentence,0,1
Андрея,андре,Сперанский,сперанский,7,sentence,0,1
Андрей,андр,Сперанского,сперанского,7,sentence,0,1
Андрея,андре,Сперанского,сперанского,7,sentence,0,1
Марья,марь,Наташа,наташ,7,sentence,0,1
Марьи Дмитриевны,марь дмитриевн,Соней,сон,7,sentence,0,1
Анатоля,анатол,Пьеру,пьер,7,sentence,0,1
Москвы,москв,Соней,сон,6,sentence,0,1
Вилларский,вилларский,Пьеру,пьер,6,sentence,0,1
Андрея,андре,Марья,марь,6,sentence,0,1
Борису,борис,Ростов,рост,6,sentence,0,1
Борису,борис,Наташа,наташ,6,sentence,0,1
Наташа,наташ,Чт,чт,6,sentence,0,1
Марья,марь,Москвы,москв,6,sentence,0,1
Москвы,москв,Ростовых,ростовых,5,sentence,0,1
Денисов,денис,Долохов,долох,5,sentence,0,1
Пьеру,пьер,Чт,чт,5,sentence,0,1
Долохов,долох,Соней,сон,5,sentence,0,1
Prusse,prusse,Roi,roi,5,sentence,0,1
Александра,александр,Наполеон,наполеон,5,sentence,0,1
Александра,александр,Бонапарт,бонапарт,5,sentence,0,1
Андрей,андр,Петербурге,петербург,5,sentence,0,1
Князь Андрей,князь андр,Сперанского,сперанского,5,sentence,0,1
Берга,берг,Вера,вер,5,sentence,0,1
Петербурге,петербург,Ростовых,ростовых,5,sentence,0,1
Борису,борис,Москвы,москв,5,sentence,0,1
Князь Андрей,князь андр,Наташа,наташ,5,sentence,0,1
Андрея,андре,Соней,сон,5,sentence,0,1
Анатоля,анатол,Наташа,наташ,5,sentence,0,1
Анатоль,анатоль,Ну,ну,5,sentence,0,1
Денисов,денис,Москвы,москв,4,sentence,0,1
Наташа,наташ,Николинька,николиньк,4,sentence,0,1
Пьеру,пьер,Ростовы,ростов,4,sentence,0,1
Ну,ну,Пьеру,пьер,4,sentence,0,1
Долохов,долох,Ну,ну,4,sentence,0,1
Ах,ах,Пьеру,пьер,4,sentence,0,1
Ну,ну,Ростов,рост,4,sentence,0,1
Николай,николай,Ну,ну,4,sentence,0,1
Денисов,денис,Ну,ну,4,sentence,0,1
Долохов,долох,Николай,николай,4,sentence,0,1
Долоховым,долоховым,Соней,сон,4,sentence,0,1
Ну,ну,Соней,сон,4,sentence,0,1
Николай,николай,Чт,чт,4,sentence,0,1
Богу,бог,Пьеру,пьер,4,sentence,0,1
Но,но,Пьеру,пьер,4,sentence,0,1
Борису,борис,Элен,элен,4,sentence,0,1
Андрея,андре,Болконского,болконского,4,sentence,0,1
Andr,andr,Марья,марь,4,sentence,0,1
Денисов,денис,Лаврушка,лаврушк,4,sentence,0,1
Борису,борис,Тильзит,тильзит,4,sentence,0,1
Наполеон,наполеон,Ростов,рост,4,sentence,0,1
Князь Андрей,князь андр,Ростовых,ростовых,4,sentence,0,1
Андрея,андре,Болконский,болконский,4,sentence,0,1
Андрей,андр,Аракчеев,аракче,4,sentence,0,1
Берга,берг,Пьеру,пьер,4,sentence,0,1
Борису,борис,Петербурге,петербург,4,sentence,0,1
Ах,ах,Наташа,наташ,4,sentence,0,1
Наташа,наташ,Элен,элен,4,sentence,0,1
Андрея,андре,Николая,никола,4,sentence,0,1
Наташа,наташ,Петербурге,петербург,4,sentence,0,1
Андрея,андре,Ростовы,ростов,4,sentence,0,1
Илья Андреич,иль андреич,Наташа,наташ,4,sentence,0,1
Диммлер,диммлер,Наташа,наташ,4,sentence,0,1
Княжна Марья,княжн марь,Пьеру,пьер,4,sentence,0,1
Bourienne,bourienne,Наташа,наташ,4,sentence,0,1
Анатоль,анатоль,Долохов,долох,4,sentence,0,1
Анатоля,анатол,Андрея,андре,4,sentence,0,1
Наташа,наташ,Ростов,рост,3,sentence,0,1
Николинька,николиньк,Соней,сон,3,sentence,0,1
Москвы,москв,Николушка,николушк,3,sentence,0,1
Багратиона,багратион,Граф Илья Андреич,граф иль андреич,3,sentence,0,1
Долохов,долох,Москвы,москв,3,sentence,0,1
Пьеру,пьер,Ростов,рост,3,sentence,0,1
Пьеру,пьер,Элен,элен,3,sentence,0,1
Андрея,андре,Москвы,москв,3,sentence,0,1
Андрей,андр,Ах,ах,3,sentence,0,1
Денисов,денис,Ростовых,ростовых,3,sentence,0,1
Наташа,наташ,Ростовым,ростовым,3,sentence,0,1
Долохов,долох,Наташа,наташ,3,sentence,0,1
Денисов,денис,Николай,николай,3,sentence,0,1
Долохов,долох,Николая,никола,3,sentence,0,1
Ах,ах,Соней,сон,3,sentence,0,1
Петербурге,петербург,Элен,элен,3,sentence,0,1
Анны Павловны,анн павловн,Борису,борис,3,sentence,0,1
Le Roi,le roi,Prusse,prusse,3,sentence,0,1
Андрей,андр,Ну,ну,3,sentence,0,1
Андрей,андр,Отчего,отчего,3,sentence,0,1
Денисов,денис,Денисову,денисов,3,sentence,0,1
Ростов,рост,Тильзит,тильзит,3,sentence,0,1
Болконский,болконский,Наташа,наташ,3,sentence,0,1
Андрей,андр,Сперанский,сперанский,3,sentence,0,1
Москвы,москв,Пьеру,пьер,3,sentence,0,1
Борису,борис,Пьеру,пьер,3,sentence,0,1
Писание,писани,Св,св,3,sentence,0,1
Вера,вер,Ростовых,ростовых,3,sentence,0,1
Петербурге,петербург,Ростовы,ростов,3,sentence,0,1
Борису,борис,Вера,вер,3,sentence,0,1
Пьеру,пьер,Ростовых,ростовых,3,sentence,0,1
Борису,борис,Соней,сон,3,sentence,0,1
Мама,мам,Наташа,наташ,3,sentence,0,1
Наташа,наташ,Отчего,отчего,3,sentence,0,1
Жерве,жерв,Столыпин,столып,3,sentence,0,1
Андрей,андр,Ростовым,ростовым,3,sentence,0,1
Андрея,андре,Ростовых,ростовых,3,sentence,0,1
Болконского,болконского,Наташа,наташ,3,sentence,0,1
Наташа,наташ,Ростовы,ростов,3,sentence,0,1
Андрея,андре,Петербурге,петербург,3,sentence,0,1
Николай,николай,Петя,пет,3,sentence,0,1
Диммлер,диммлер,Николая,никола,3,sentence,0,1
Диммлер,диммлер,Соней,сон,3,sentence,0,1
Bourienne,bourienne,Москвы,москв,3,sentence,0,1
Анна Михайловна,анн михайловн,Жюли,жюл,3,sentence,0,1
Курагин,кураг,Москвы,москв,3,sentence,0,1
Анатоль,анатоль,Наташа,наташ,3,sentence,0,1
Анатоля,анатол,Долохов,долох,3,sentence,0,1
Марьи Дмитриевны,марь дмитриевн,Москвы,москв,3,sentence,0,1
Петя,пет,Соней,сон,2,sentence,0,1
Ростов,рост,Соней,сон,2,sentence,0,1
Вера,вер,Соней,сон,2,sentence,0,1
Николушка,николушк,Ростовых,ростовых,2,sentence,0,1
Александру Павловичу,александр павлович,Москвы,москв,2,sentence,0,1
Английском,английск,Илья Андреич Ростов,иль андреич рост,2,sentence,0,1
Английского,английского,Багратиона,багратион,2,sentence,0,1
Валуев,валу,Растопчин,растопч,2,sentence,0,1
Валуев,валу,Нарышкина,нарышк,2,sentence,0,1
Беклешова,беклеш,Нарышкина,нарышк,2,sentence,0,1
Денисовым,денисовым,Долоховым,долоховым,2,sentence,0,1
Несвицким,несвицким,Пьеру,пьер,2,sentence,0,1
Долохов,долох,Долоховым,долоховым,2,sentence,0,1
Долохов,долох,Элен,элен,2,sentence,0,1
Москвы,москв,Элен,элен,2,sentence,0,1
Денисов,денис,Пьеру,пьер,2,sentence,0,1
Несвицким,несвицким,Ростов,рост,2,sentence,0,1
Долохов,долох,Несвицким,несвицким,2,sentence,0,1
Денисов,денис,Несвицким,несвицким,2,sentence,0,1
Денисовым,денисовым,Ростов,рост,2,sentence,0,1
Долохов,долох,Ростовым,ростовым,2,sentence,0,1
Денисовым,денисовым,Долохов,долох,2,sentence,0,1
Богу,бог,Ну,ну,2,sentence,0,1
Князь Андрей,князь андр,Марья,марь,2,sentence,0,1
Ростовы,ростов,Ростовых,ростовых,2,sentence,0,1
Василий Дмитрич,василий дмитрич,Наташа,наташ,2,sentence,0,1
Пьеру,пьер,Соней,сон,2,sentence,0,1
Иогеля,иогел,Соней,сон,2,sentence,0,1
Денисов,денис,Польше,польш,2,sentence,0,1
Долохов,долох,Чт,чт,2,sentence,0,1
Николая,никола,Чт,чт,2,sentence,0,1
Богу,бог,Наташа,наташ,2,sentence,0,1
Графиня,графин,Денисов,денис,2,sentence,0,1
Анны Павловны,анн павловн,Пьеру,пьер,2,sentence,0,1
Василий,василий,Пьеру,пьер,2,sentence,0,1
Анны Павловны,анн павловн,Пруссию,прусси,2,sentence,0,1
Autriche,autriche,Empereur,empereur,2,sentence,0,1
Анны Павловны,анн павловн,Элен,элен,2,sentence,0,1
Анны Павловны,анн павловн,Ипполита,ипполит,2,sentence,0,1
Марья,марь,Николай,николай,2,sentence,0,1
Богучарово,богучарово,Лысых Гор,лысых гор,2,sentence,0,1
Андрея,андре,Лысых Гор,лысых гор,2,sentence,0,1
Марья,марь,Мой,мой,2,sentence,0,1
Bonaparte,bonaparte,Boukshevden,boukshevden,2,sentence,0,1
Безухов,безух,Пьеру,пьер,2,sentence,0,1
Павла,павл,Петра,петр,2,sentence,0,1
Андрей,андр,Лысые Горы,лысы гор,2,sentence,0,1
Аустерлица,аустерлиц,Пьеру,пьер,2,sentence,0,1
Vraiment,vraiment,Пьеру,пьер,2,sentence,0,1
Vraiment,vraiment,Марья,марь,2,sentence,0,1
Андрей,андр,Чт,чт,2,sentence,0,1
Марья,марь,Ну,ну,2,sentence,0,1
Ах,ах,Марья,марь,2,sentence,0,1
Пелагеюшкой,пелагеюшк,Пьеру,пьер,2,sentence,0,1
Лаврушка,лаврушк,Ростов,рост,2,sentence,0,1
Прейсиш-Эйлау,прейсиш-эйла,Пултуск,пултуск,2,sentence,0,1
Денисов,денис,Машкин,машк,2,sentence,0,1
Денисов,денис,Тильзит,тильзит,2,sentence,0,1
Борису,борис,Жилинского,жилинского,2,sentence,0,1
Борису,борис,Денисов,денис,2,sentence,0,1
Александра,александр,Ростов,рост,2,sentence,0,1
Наполеон,наполеон,Эрфурт,эрфурт,2,sentence,0,1
Марья,марь,Николушка,николушк,2,sentence,0,1
Андрей,андр,Ежели,ежел,2,sentence,0,1
Андрей,андр,Аракчееву,аракчеев,2,sentence,0,1
Андрей,андр,Силы Андреича,сил андреич,2,sentence,0,1
Андрей,андр,Какое,како,2,sentence,0,1
Наполеон,наполеон,Сперанский,сперанский,2,sentence,0,1
Болконского,болконского,Сперанский,сперанский,2,sentence,0,1
Но,но,Сперанский,сперанский,2,sentence,0,1
Болконский,болконский,Сперанский,сперанский,2,sentence,0,1
Андрея,андре,Сперанском,сперанск,2,sentence,0,1
Андрея,андре,Сперанскому,сперанском,2,sentence,0,1
Иосифа Алексеевича,иосиф алексеевич,Пьеру,пьер,2,sentence,0,1
Иосифа Алексеевича,иосиф алексеевич,Москвы,москв,2,sentence,0,1
Вера,вер,Петербурге,петербург,2,sentence,0,1
Берга,берг,Ростовых,ростовых,2,sentence,0,1
Берга,берг,Петербурге,петербург,2,sentence,0,1
Москвы,москв,Ростовы,ростов,2,sentence,0,1
Берга,берг,Борису,борис,2,sentence,0,1
Борису,борис,Ростовых,ростовых,2,sentence,0,1
Аустерлица,аустерлиц,Берга,берг,2,sentence,0,1
Наташа,наташ,Позвольте,позвольт,2,sentence,0,1
Князь Андрей,князь андр,Сперанскому,сперанском,2,sentence,0,1
Андрея,андре,Борису,борис,2,sentence,0,1
Андрея,андре,Вера,вер,2,sentence,0,1
Вера,вер,Натали,натал,2,sentence,0,1
Андрей,андр,Ростовых,ростовых,2,sentence,0,1
Наташа,наташ,Отрадное,отрадно,2,sentence,0,1
Андрея,андре,Отрадное,отрадно,2,sentence,0,1
Андрей,андр,Соней,сон,2,sentence,0,1
Жюли Карагиной,жюл карагин,Марья,марь,2,sentence,0,1
Болконскому,болконском,Наташа,наташ,2,sentence,0,1
Данила,данил,Николай,николай,2,sentence,0,1
Богу,бог,Тебе,теб,2,sentence,0,1
Илагин,илаг,Ростовы,ростов,2,sentence,0,1
Илагин,илаг,Николай,николай,2,sentence,0,1
Ерзу,ерз,Илагин,илаг,2,sentence,0,1
Николая,никола,Николай,николай,2,sentence,0,1
Анисья Федоровна,анись федоровн,Наташа,наташ,2,sentence,0,1
Диммлер,диммлер,Петя,пет,2,sentence,0,1
Москвы,москв,Николая,никола,2,sentence,0,1
Жюли,жюл,Москвы,москв,2,sentence,0,1
Андрея,андре,России,росси,2,sentence,0,1
Schoss,schoss,Наташа,наташ,2,sentence,0,1
Захар,захар,Николай,николай,2,sentence,0,1
Пелагея Даниловна,пелаге даниловн,Соней,сон,2,sentence,0,1
"Луиза
Ивановна",луиз ивановн,Соней,сон,2,sentence,0,1
Николая,никола,Ростовых,ростовых,2,sentence,0,1
Москвы,москв,Николай Андреич,николай андреич,2,sentence,0,1
Bourienne,bourienne,Князь Николай Андреич,князь николай андреич,2,sentence,0,1
Жюли,жюл,Марья,марь,2,sentence,0,1
Борису,борис,Карагиных,карагиных,2,sentence,0,1
Анатоль Курагин,анатоль кураг,Москвы,москв,2,sentence,0,1
Граф Илья Андреич,граф иль андреич,Соней,сон,2,sentence,0,1
Илья Андреич,иль андреич,Москвы,москв,2,sentence,0,1
Марьи Дмитриевны,марь дмитриевн,Ростовых,ростовых,2,sentence,0,1
Ведь,ведь,Наташа,наташ,2,sentence,0,1
Курагин,кураг,Наташа,наташ,2,sentence,0,1
Duport,duport,Элен,элен,2,sentence,0,1
Анатоль,анатоль,Элен,элен,2,sentence,0,1
Андрея,андре,Чт,чт,2,sentence,0,1
Но,но,Соней,сон,2,sentence,0,1
Анатоля,анатол,Соней,сон,2,sentence,0,1
Макарин,макар,Хвостиков,хвостик,2,sentence,0,1
Анатоль,анатоль,Долоховым,долоховым,2,sentence,0,1
Балага,балаг,Долохов,долох,2,sentence,0,1
Матрешу,матреш,Ну,ну,2,sentence,0,1
Анатоля,анатол,Марьи Дмитриевны,марь дмитриевн,2,sentence,0,1
Ахросимовой,ахросимов,Пьеру,пьер,2,sentence,0,1
Курагин,кураг,Марьи Дмитриевны,марь дмитриевн,2,sentence,0,1
Анатоль,анатоль,Марьи Дмитриевны,марь дмитриевн,2,sentence,0,1
Десале,десал,Пьеру,пьер,2,sentence,0,1
Буксгевдену,буксгевден,Петербурге,петербург,2,sentence,0,1
Воронеж,воронеж,Ростов,рост,1,sentence,0,1
Воронеж,воронеж,Москвы,москв,1,sentence,0,1
Дмитрий,дмитрий,Ростов,рост,1,sentence,0,1
Ростов,рост,Смотри,смотр,1,sentence,0,1
Вася,вас,Денисову,денисов,1,sentence,0,1
Здоровы,здоров,Ростов,рост,1,sentence,0,1
Вера,вер,Наташа,наташ,1,sentence,0,1
Анна Михайловна,анн михайловн,Наташа,наташ,1,sentence,0,1
Анна Михайловна,анн михайловн,Вера,вер,1,sentence,0,1
Вера,вер,Петя,пет,1,sentence,0,1
Анна Михайловна,анн михайловн,Петя,пет,1,sentence,0,1
Вера,вер,Денисов,денис,1,sentence,0,1
Голубчик,голубчик,Денисов,денис,1,sentence,0,1
Голубчик,голубчик,Наташа,наташ,1,sentence,0,1
Николушка,николушк,Ростовы,ростов,1,sentence,0,1
Васьки Денисова,васьк денис,Гришка,гришк,1,sentence,0,1
Гей,гей,Гришка,гришк,1,sentence,0,1
Васьки Денисова,васьк денис,Гей,гей,1,sentence,0,1
Наташа,наташ,Поздно,поздно,1,sentence,0,1
Денисову,денисов,Петя,пет,1,sentence,0,1
Отчего Соня,отчего сон,Ростов,рост,1,sentence,0,1
Борису,борис,Ну,ну,1,sentence,0,1
Денисову,денисов,Наташа,наташ,1,sentence,0,1
Nicolas,nicolas,Отчего,отчего,1,sentence,0,1
Вера,вер,Николинька,николиньк,1,sentence,0,1
Замечание Веры,замечани вер,Наташа,наташ,1,sentence,0,1
Замечание Веры,замечани вер,Николай,николай,1,sentence,0,1
Замечание Веры,замечани вер,Соней,сон,1,sentence,0,1
Москвы,москв,Николай Ростов,николай рост,1,sentence,0,1
Николай Ростов,николай рост,Николушка,николушк,1,sentence,0,1
Гаврилы,гаврил,Соней,сон,1,sentence,0,1
Божьего,божьего,Гаврилы,гаврил,1,sentence,0,1
Божьего,божьего,Соней,сон,1,sentence,0,1
Архаровых,архаровых,Денисов,денис,1,sentence,0,1
Архаровых,архаровых,Каменским,каменским,1,sentence,0,1
Денисов,денис,Каменским,каменским,1,sentence,0,1
Багратиона,багратион,Илья Андреич Ростов,иль андреич рост,1,sentence,0,1
Английском,английск,Багратиона,багратион,1,sentence,0,1
Английского,английского,Феоктисту,феоктист,1,sentence,0,1
Багратиона,багратион,Феоктисту,феоктист,1,sentence,0,1
Максимке,максимк,Митинька,митиньк,1,sentence,0,1
Право,право,Шенграбенскому,шенграбенском,1,sentence,0,1
Багратиона,багратион,Право,право,1,sentence,0,1
Багратиона,багратион,Шенграбенскому,шенграбенском,1,sentence,0,1
Какова,как,Феоктисту,феоктист,1,sentence,0,1
Безухову,безухов,Илья Андреевич,иль андреевич,1,sentence,0,1
Ильюшку,ильюшк,Орлова,орл,1,sentence,0,1
Ильюшку,ильюшк,Ипатка,ипатк,1,sentence,0,1
Ильюшку,ильюшк,Разгуляй,разгуляй,1,sentence,0,1
Ипатка,ипатк,Орлова,орл,1,sentence,0,1
Орлова,орл,Разгуляй,разгуляй,1,sentence,0,1
Ипатка,ипатк,Разгуляй,разгуляй,1,sentence,0,1
Боря,бор,Слава Богу,слав бог,1,sentence,0,1
Долохов,долох,Марьи Ивановны,марь ивановн,1,sentence,0,1
Анна Михайловна,анн михайловн,Долохов,долох,1,sentence,0,1
Анна Михайловна,анн михайловн,Пьеру,пьер,1,sentence,0,1
Говорят,говорят,Пьеру,пьер,1,sentence,0,1
Австрийского,австрийского,Английского,английского,1,sentence,0,1
Австрийского,австрийского,Багратиона,багратион,1,sentence,0,1
Аустерлицком,аустерлицк,Москвы,москв,1,sentence,0,1
Илья Андреич Ростов,иль андреич рост,Растопчин,растопч,1,sentence,0,1
Вяземский,вяземский,Илья Андреич Ростов,иль андреич рост,1,sentence,0,1
Валуев,валу,Илья Андреич Ростов,иль андреич рост,1,sentence,0,1
Илья Андреич Ростов,иль андреич рост,Марков,марк,1,sentence,0,1
Илья Андреич Ростов,иль андреич рост,Люди,люд,1,sentence,0,1
Илья Андреич Ростов,иль андреич рост,Юрий Владимирович Долгорукий,юрий владимирович долгорукий,1,sentence,0,1
Вяземский,вяземский,Растопчин,растопч,1,sentence,0,1
Марков,марк,Растопчин,растопч,1,sentence,0,1
Люди,люд,Растопчин,растопч,1,sentence,0,1
Английском,английск,Растопчин,растопч,1,sentence,0,1
Растопчин,растопч,Юрий Владимирович Долгорукий,юрий владимирович долгорукий,1,sentence,0,1
Валуев,валу,Вяземский,вяземский,1,sentence,0,1
Вяземский,вяземский,Марков,марк,1,sentence,0,1
Вяземский,вяземский,Люди,люд,1,sentence,0,1
Английском,английск,Вяземский,вяземский,1,sentence,0,1
Вяземский,вяземский,Юрий Владимирович Долгорукий,юрий владимирович долгорукий,1,sentence,0,1
Валуев,валу,Марков,марк,1,sentence,0,1
Валуев,валу,Люди,люд,1,sentence,0,1
Английском,английск,Валуев,валу,1,sentence,0,1
Валуев,валу,Юрий Владимирович Долгорукий,юрий владимирович долгорукий,1,sentence,0,1
Люди,люд,Марков,марк,1,sentence,0,1
Английском,английск,Марков,марк,1,sentence,0,1
Марков,марк,Юрий Владимирович Долгорукий,юрий владимирович долгорукий,1,sentence,0,1
Английском,английск,Люди,люд,1,sentence,0,1
Люди,люд,Юрий Владимирович Долгорукий,юрий владимирович долгорукий,1,sentence,0,1
Английском,английск,Юрий Владимирович Долгорукий,юрий владимирович долгорукий,1,sentence,0,1
Ланжерона,ланжерон,Пршебышевского,пршебышевского,1,sentence,0,1
Кутузова,кутуз,Пршебышевского,пршебышевского,1,sentence,0,1
Кутузова,кутуз,Ланжерона,ланжерон,1,sentence,0,1
Аустерлица,аустерлиц,Шенграбенским,шенграбенским,1,sentence,0,1
Аустерлица,аустерлиц,Багратиона,багратион,1,sentence,0,1
Багратиона,багратион,Шенграбенским,шенграбенским,1,sentence,0,1
Багратиона,багратион,Москвы,москв,1,sentence,0,1
Итальянского,итальянского,Суворова,сувор,1,sentence,0,1
Вольтера,вольтер,Ежели,ежел,1,sentence,0,1
Ежели,ежел,Шиншин,шинш,1,sentence,0,1
Багратиона,багратион,Ежели,ежел,1,sentence,0,1
Вольтера,вольтер,Шиншин,шинш,1,sentence,0,1
Багратиона,багратион,Вольтера,вольтер,1,sentence,0,1
Багратиона,багратион,Шиншин,шинш,1,sentence,0,1
Немцами,немцам,Растопчин,растопч,1,sentence,0,1
Москвы,москв,Растопчин,растопч,1,sentence,0,1
Долгорукова,долгорук,Растопчин,растопч,1,sentence,0,1
Москвы,москв,Немцами,немцам,1,sentence,0,1
Долгорукова,долгорук,Немцами,немцам,1,sentence,0,1
Долгорукова,долгорук,Москвы,москв,1,sentence,0,1
Нарышкина,нарышк,Растопчин,растопч,1,sentence,0,1
Аустерлица,аустерлиц,Петербурге,петербург,1,sentence,0,1
Аустерлица,аустерлиц,Уваров,увар,1,sentence,0,1
Петербурге,петербург,Уваров,увар,1,sentence,0,1
Нарышкина,нарышк,Суворова,сувор,1,sentence,0,1
Кутузова,кутуз,Суворова,сувор,1,sentence,0,1
Долоховым,долоховым,Молодой Ростов,молод рост,1,sentence,0,1
Аустерлицкого,аустерлицкого,Ростов,рост,1,sentence,0,1
Аустерлицкого,аустерлицкого,Георгиевскою,георгиевско,1,sentence,0,1
Георгиевскою,георгиевско,Ростов,рост,1,sentence,0,1
Курским,курским,Шенграбене,шенграбен,1,sentence,0,1
Багратиона,багратион,Ну,ну,1,sentence,0,1
Александра,александр,Славь,славь,1,sentence,0,1
Гром,гр,Илья Андреич,иль андреич,1,sentence,0,1
Илья Андреич,иль андреич,Росс,росс,1,sentence,0,1
Багратиона,багратион,Илья Андреич,иль андреич,1,sentence,0,1
Гром,гр,Росс,росс,1,sentence,0,1
Багратиона,багратион,Гром,гр,1,sentence,0,1
Багратиона,багратион,Росс,росс,1,sentence,0,1
Багратиона,багратион,Нарышкина,нарышк,1,sentence,0,1
Александра,александр,Нарышкина,нарышк,1,sentence,0,1
Александра,александр,Багратиона,багратион,1,sentence,0,1
Багратиона,багратион,Беклешова,беклеш,1,sentence,0,1
Александра,александр,Беклешова,беклеш,1,sentence,0,1
Долоховым,долоховым,Николай Ростов,николай рост,1,sentence,0,1
Денисовым,денисовым,Николай Ростов,николай рост,1,sentence,0,1
Багратиона,багратион,Шенграбенском,шенграбенск,1,sentence,0,1
Выпив,выпив,Многие,многи,1,sentence,0,1
Граф Илья Андреич,граф иль андреич,Петра Ивановича Багратиона,петр иванович багратион,1,sentence,0,1
Беклешова,беклеш,Уваров,увар,1,sentence,0,1
Нарышкина,нарышк,Уваров,увар,1,sentence,0,1
Апраксина,апракс,Уваров,увар,1,sentence,0,1
Валуев,валу,Уваров,увар,1,sentence,0,1
Илья Андреич,иль андреич,Уваров,увар,1,sentence,0,1
Долгорукова,долгорук,Уваров,увар,1,sentence,0,1
Апраксина,апракс,Беклешова,беклеш,1,sentence,0,1
Беклешова,беклеш,Валуев,валу,1,sentence,0,1
Беклешова,беклеш,Илья Андреич,иль андреич,1,sentence,0,1
Беклешова,беклеш,Долгорукова,долгорук,1,sentence,0,1
Апраксина,апракс,Нарышкина,нарышк,1,sentence,0,1
Илья Андреич,иль андреич,Нарышкина,нарышк,1,sentence,0,1
Долгорукова,долгорук,Нарышкина,нарышк,1,sentence,0,1
Апраксина,апракс,Валуев,валу,1,sentence,0,1
Апраксина,апракс,Илья Андреич,иль андреич,1,sentence,0,1
Апраксина,апракс,Долгорукова,долгорук,1,sentence,0,1
Валуев,валу,Илья Андреич,иль андреич,1,sentence,0,1
Валуев,валу,Долгорукова,долгорук,1,sentence,0,1
Долгорукова,долгорук,Илья Андреич,иль андреич,1,sentence,0,1
Долохов,долох,Николая Ростова,никола рост,1,sentence,0,1
Долоховым,долоховым,Москвы,москв,1,sentence,0,1
Долоховым,долоховым,Пьеру,пьер,1,sentence,0,1
Долохов,долох,Петербурге,петербург,1,sentence,0,1
Ростов,рост,Чт,чт,1,sentence,0,1
Долохов Ростову,долох ростов,Чт,чт,1,sentence,0,1
Денисов,денис,Надо,надо,1,sentence,0,1
За,за,Петруша,петруш,1,sentence,0,1
Кутузова,кутуз,Пьеру,пьер,1,sentence,0,1
Безухову,безухов,Несвицкий,несвицкий,1,sentence,0,1
Безухов,безух,Несвицким,несвицким,1,sentence,0,1
Безухов,безух,Ростов,рост,1,sentence,0,1
Безухов,безух,Долохов,долох,1,sentence,0,1
Безухов,безух,Денисов,денис,1,sentence,0,1
Долоховым,долоховым,Ростов,рост,1,sentence,0,1
Ростовым,ростовым,Сокольниках,сокольниках,1,sentence,0,1
Долохов,долох,Сокольниках,сокольниках,1,sentence,0,1
Несвицким,несвицким,Сокольницкий,сокольницкий,1,sentence,0,1
Ростов,рост,Сокольницкий,сокольницкий,1,sentence,0,1
Долохов,долох,Сокольницкий,сокольницкий,1,sentence,0,1
Денисов,денис,Сокольницкий,сокольницкий,1,sentence,0,1
Пьеру,пьер,Сокольницкий,сокольницкий,1,sentence,0,1
Может,может,Пьеру,пьер,1,sentence,0,1
Несвицкий,несвицкий,Пьеру,пьер,1,sentence,0,1
Долохов Денисову,долох денисов,Никаких,никаких,1,sentence,0,1
Денисов,денис,Несвицкого,несвицкого,1,sentence,0,1
Долохов,долох,Пожалу,пожал,1,sentence,0,1
Долохову,долохов,Пьеру,пьер,1,sentence,0,1
Долохов,долох,Долохову,долохов,1,sentence,0,1
Боком,бок,Несвицкий,несвицкий,1,sentence,0,1
Денисов,денис,Закройтесь,закройтесь,1,sentence,0,1
Несвицкий,несвицкий,Ростов,рост,1,sentence,0,1
Долохов,долох,Мимо,мимо,1,sentence,0,1
Je,je,Василья,василь,1,sentence,0,1
Людовика,людовик,Пьеру,пьер,1,sentence,0,1
Коля,кол,Элен,элен,1,sentence,0,1
Расстаться,расстатьс,Элен,элен,1,sentence,0,1
Вон,вон,Элен,элен,1,sentence,0,1
Аустерлицком,аустерлицк,Лысых Горах,лысых горах,1,sentence,0,1
Андрея,андре,Аустерлицком,аустерлицк,1,sentence,0,1
Андрея,андре,Лысых Горах,лысых горах,1,sentence,0,1
Аустерлицком,аустерлицк,Кутузова,кутуз,1,sentence,0,1
Лизе,лиз,Мари,мар,1,sentence,0,1
Маша,маш,Чт,чт,1,sentence,0,1
Андрея,андре,Ничего,ничего,1,sentence,0,1
Андрея,андре,Получил,получил,1,sentence,0,1
Марья,марь,Ничего,ничего,1,sentence,0,1
Австрию,австри,Андрей,андр,1,sentence,0,1
Андрей,андр,Москвы,москв,1,sentence,0,1
Австрию,австри,Москвы,москв,1,sentence,0,1
Ma,ma,Фока,фок,1,sentence,0,1
Ваше,ваш,Марьей Богдановной,марь богдановн,1,sentence,0,1
Лысых Горах,лысых горах,Марьей Богдановной,марь богдановн,1,sentence,0,1
Marie,marie,Non,non,1,sentence,0,1
Богу,бог,Марьей Богдановной,марь богдановн,1,sentence,0,1
Марьей Богдановной,марь богдановн,Ну,ну,1,sentence,0,1
Москвы,москв,Но,но,1,sentence,0,1
Лизе,лиз,По,по,1,sentence,0,1
Москвы,москв,По,по,1,sentence,0,1
Андрея,андре,По,по,1,sentence,0,1
Лизе,лиз,Москвы,москв,1,sentence,0,1
Андрея,андре,Лизе,лиз,1,sentence,0,1
Марьей Богдановной,марь богдановн,Ничего,ничего,1,sentence,0,1
Марьей Богдановной,марь богдановн,Тихона,тихон,1,sentence,0,1
Доложи,долож,Марьей Богдановной,марь богдановн,1,sentence,0,1
Тихона,тихон,Хорошо,хорошо,1,sentence,0,1
Кишиневе,кишинев,Марья,марь,1,sentence,0,1
Марья,марь,Слава Богу,слав бог,1,sentence,0,1
Демьяна,демьян,Почивать,почивать,1,sentence,0,1
Какая,кака,Маша,маш,1,sentence,0,1
Андрея,андре,Марьей Богдановной,марь богдановн,1,sentence,0,1
Allez,allez,Марья,марь,1,sentence,0,1
Безуховым,безуховым,Ростов,рост,1,sentence,0,1
Безуховым,безуховым,Долохов,долох,1,sentence,0,1
Безуховым,безуховым,Участие Ростова,участи рост,1,sentence,0,1
Ростов,рост,Участие Ростова,участи рост,1,sentence,0,1
Долохов,долох,Участие Ростова,участи рост,1,sentence,0,1
Ростов,рост,Старушка Марья Ивановна,старушк марь ивановн,1,sentence,0,1
Ростов,рост,Феде,фед,1,sentence,0,1
Старушка Марья Ивановна,старушк марь ивановн,Феде,фед,1,sentence,0,1
Безухову,безухов,Феде,фед,1,sentence,0,1
Москвы,москв,Николаем Ростовым,никола ростовым,1,sentence,0,1
Безуховым Пьер,безуховым пьер,Долохов,долох,1,sentence,0,1
Долоховым,долоховым,Ну,ну,1,sentence,0,1
Долоховым,долоховым,Николай,николай,1,sentence,0,1
Денисов,денис,Долоховым,долоховым,1,sentence,0,1
Иогеля,иогел,Ростовы,ростов,1,sentence,0,1
Иогеля,иогел,Ростовых,ростовых,1,sentence,0,1
Бонапартия,бонапарти,Москвы,москв,1,sentence,0,1
Денисов,денис,Николушка,николушк,1,sentence,0,1
Николай,николай,Рождества,рождеств,1,sentence,0,1
Денисовым,денисовым,Крещенья,крещень,1,sentence,0,1
Иогеля,иогел,Николинька,николиньк,1,sentence,0,1
Василий Дмитрич,василий дмитрич,Денисов,денис,1,sentence,0,1
Куда,куд,Наташа,наташ,1,sentence,0,1
Денисов,денис,Куда,куд,1,sentence,0,1
Куда,куд,Ростовых,ростовых,1,sentence,0,1
Архаровым,архаровым,Николай,николай,1,sentence,0,1
Николая,никола,Пьеру,пьер,1,sentence,0,1
Можешь,можешь,Наташа,наташ,1,sentence,0,1
Знаешь,знаешь,Николинька,николиньк,1,sentence,0,1
Мне,мн,Соней,сон,1,sentence,0,1
Иогеля,иогел,Москвы,москв,1,sentence,0,1
Безухов,безух,Иогеля,иогел,1,sentence,0,1
Графиня Наташа,графин наташ,Денисов,денис,1,sentence,0,1
Mon,mon,Иогель,иогель,1,sentence,0,1
Mon,mon,Николая,никола,1,sentence,0,1
Иогель,иогель,Николая,никола,1,sentence,0,1
Voyez,voyez,Денисову,денисов,1,sentence,0,1
Non,non,Денисов,денис,1,sentence,0,1
Иогель,иогель,Наташа,наташ,1,sentence,0,1
Наташа,наташ,Польше,польш,1,sentence,0,1
Николай,николай,Польше,польш,1,sentence,0,1
Денисов,денис,Поди,под,1,sentence,0,1
Вася,вас,Ну,ну,1,sentence,0,1
Вася,вас,Николай,николай,1,sentence,0,1
Денисов,денис,Точно,точно,1,sentence,0,1
Васька,васьк,Точно,точно,1,sentence,0,1
Васька,васьк,Денисов,денис,1,sentence,0,1
Наташа,наташ,Целый,целый,1,sentence,0,1
Волшебница,волшебниц,Денисов,денис,1,sentence,0,1
Денисов,денис,Иогель,иогель,1,sentence,0,1
Иогель,иогель,Польше,польш,1,sentence,0,1
Долохов,долох,Играть,играть,1,sentence,0,1
Или,ил,Ростов,рост,1,sentence,0,1
Долохов,долох,Или,ил,1,sentence,0,1
Долохов,долох,Ростовы,ростов,1,sentence,0,1
Попробовать,попробовать,Ростов,рост,1,sentence,0,1
Ростов,рост,Со,со,1,sentence,0,1
Долохов,долох,Поверить,поверить,1,sentence,0,1
Оставь,оставь,Ростов,рост,1,sentence,0,1
Долохов,долох,Оставь,оставь,1,sentence,0,1
Воскресенье,воскресень,Илья Андреич,иль андреич,1,sentence,0,1
Денисовым,денисовым,Наташа,наташ,1,sentence,0,1
Денисовым,денисовым,Ну,ну,1,sentence,0,1
Денисовым,денисовым,Соней,сон,1,sentence,0,1
Поварском,поварск,Соней,сон,1,sentence,0,1
Наташа,наташ,Поварском,поварск,1,sentence,0,1
Петя,пет,Поварском,поварск,1,sentence,0,1
Долохов,долох,Ох,ох,1,sentence,0,1
Ааах,ааах,Ростов,рост,1,sentence,0,1
Однако,однако,Ростов,рост,1,sentence,0,1
Долохов,долох,Однако,однако,1,sentence,0,1
Амштетенском,амштетенск,Богу,бог,1,sentence,0,1
Богу,бог,Долохов,долох,1,sentence,0,1
Амштетенском,амштетенск,Долохов,долох,1,sentence,0,1
Николая,никола,Ростов,рост,1,sentence,0,1
Ростов,рост,Счастлив,счастлив,1,sentence,0,1
Послушай,послушай,Ростов,рост,1,sentence,0,1
Николая,никола,Счастлив,счастлив,1,sentence,0,1
Николая,никола,Послушай,послушай,1,sentence,0,1
Долохов,долох,Счастлив,счастлив,1,sentence,0,1
Послушай,послушай,Счастлив,счастлив,1,sentence,0,1
Долохов,долох,Послушай,послушай,1,sentence,0,1
Долохов,долох,Твоя,тво,1,sentence,0,1
Николай,николай,Твоя,тво,1,sentence,0,1
Завтра,завтр,Ростов,рост,1,sentence,0,1
Иогеля,иогел,Наташа,наташ,1,sentence,0,1
Долохов,долох,Иогеля,иогел,1,sentence,0,1
Иогеля,иогел,Николай,николай,1,sentence,0,1
Наташа,наташ,Прекрасно,прекрасно,1,sentence,0,1
Еще,ещ,Николая,никола,1,sentence,0,1
Вера,вер,Николай,николай,1,sentence,0,1
Илья Андреич,иль андреич,Ну,ну,1,sentence,0,1
Николай,николай,Эх,эх,1,sentence,0,1
Денисов,денис,Ежели,ежел,1,sentence,0,1
Василий Дмитрич,василий дмитрич,Денисову,денисов,1,sentence,0,1
Долохов,долох,Польше,польш,1,sentence,0,1
Дурно,дурно,Пьеру,пьер,1,sentence,0,1
Am,am,Mansfeld,mansfeld,1,sentence,0,1
Mansfeld,mansfeld,Suza,suza,1,sentence,0,1
Am,am,Suza,suza,1,sentence,0,1
Адамовой,адамов,Пьеру,пьер,1,sentence,0,1
Безуховым,безуховым,Имею,име,1,sentence,0,1
Пьеру,пьер,Точно,точно,1,sentence,0,1
Адама,адам,Никто,никто,1,sentence,0,1
Адама,адам,Великого Бога,великого бог,1,sentence,0,1
Великого Бога,великого бог,Никто,никто,1,sentence,0,1
Ежели,ежел,Нем,нем,1,sentence,0,1
Его,его,Ежели,ежел,1,sentence,0,1
Его,его,Нем,нем,1,sentence,0,1
Его,его,Пьеру,пьер,1,sentence,0,1
Адама,адам,Его,его,1,sentence,0,1
Неужели,неужел,Пьеру,пьер,1,sentence,0,1
Богу,бог,Помощь,помощь,1,sentence,0,1
Вилларскому,вилларском,Петербурге,петербург,1,sentence,0,1
Осип Алексеевич Баздеев,осип алексеевич базде,Пьеру,пьер,1,sentence,0,1
Пьеру,пьер,Фомы Кемпийского,фом кемпийского,1,sentence,0,1
Петербурге,петербург,Фомы Кемпийского,фом кемпийского,1,sentence,0,1
Осипом Алексеевичем,осип алексеевич,Пьеру,пьер,1,sentence,0,1
Вилларский,вилларский,Долохов,долох,1,sentence,0,1
Богу,бог,Еще,ещ,1,sentence,0,1
Богу,бог,Евангелие,евангели,1,sentence,0,1
Евангелие,евангели,Пьеру,пьер,1,sentence,0,1
Для,дл,Пьеру,пьер,1,sentence,0,1
Имеете,имеет,Хорошо,хорошо,1,sentence,0,1
Имеете,имеет,Смольянинова,смольянин,1,sentence,0,1
Смольянинова,смольянин,Хорошо,хорошо,1,sentence,0,1
Противуборствовать,противуборствовать,Пьеру,пьер,1,sentence,0,1
Ежели,ежел,Пьеру,пьер,1,sentence,0,1
Женщины,женщин,Пьеру,пьер,1,sentence,0,1
Но,но,Помолчав,помолчав,1,sentence,0,1
Мой,мой,Москвы,москв,1,sentence,0,1
Василий,василий,Лёлей,лёл,1,sentence,0,1
Христос,христос,Элен,элен,1,sentence,0,1
Князь Василий,князь василий,Пьеру,пьер,1,sentence,0,1
Василий,василий,Ну,ну,1,sentence,0,1
Василий,василий,Но,но,1,sentence,0,1
Василия,васили,Идите,идит,1,sentence,0,1
Киев,ки,Одессу,одесс,1,sentence,0,1
Дело Пьера,дело пьер,Долоховым,долоховым,1,sentence,0,1
Анны Павловны,анн павловн,Наполеон,наполеон,1,sentence,0,1
Анны Павловны,анн павловн,Ауерштетом,ауерштет,1,sentence,0,1
Анны Павловны,анн павловн,Иеной,иен,1,sentence,0,1
Наполеон,наполеон,Пруссию,прусси,1,sentence,0,1
Ауерштетом,ауерштет,Наполеон,наполеон,1,sentence,0,1
Иеной,иен,Наполеон,наполеон,1,sentence,0,1
Ауерштетом,ауерштет,Пруссию,прусси,1,sentence,0,1
Иеной,иен,Пруссию,прусси,1,sentence,0,1
Ауерштетом,ауерштет,Иеной,иен,1,sentence,0,1
Ипполита,ипполит,Элен,элен,1,sentence,0,1
Mortemart,mortemart,Ипполита,ипполит,1,sentence,0,1
Вены,вен,Ипполита,ипполит,1,sentence,0,1
Mortemart,mortemart,Элен,элен,1,sentence,0,1
Вены,вен,Элен,элен,1,sentence,0,1
Mortemart,mortemart,Вены,вен,1,sentence,0,1
Анны Павловны,анн павловн,Борис Друбецкой,борис друбецк,1,sentence,0,1
Австрию,австри,Анны Павловны,анн павловн,1,sentence,0,1
Kopenhague,kopenhague,Kroug,kroug,1,sentence,0,1
Kopenhague,kopenhague,Shittoff,shittoff,1,sentence,0,1
Kroug,kroug,Shittoff,shittoff,1,sentence,0,1
Empereur,empereur,Vienne,vienne,1,sentence,0,1
Empereur,empereur,Il,il,1,sentence,0,1
Empereur,empereur,Mortemart,mortemart,1,sentence,0,1
Il,il,Vienne,vienne,1,sentence,0,1
Autriche,autriche,Vienne,vienne,1,sentence,0,1
Mortemart,mortemart,Vienne,vienne,1,sentence,0,1
Autriche,autriche,Il,il,1,sentence,0,1
Il,il,Mortemart,mortemart,1,sentence,0,1
Autriche,autriche,Mortemart,mortemart,1,sentence,0,1
Urope,urope,Анны Павловны,анн павловн,1,sentence,0,1
Eh,eh,Urope,urope,1,sentence,0,1
Eh,eh,Анны Павловны,анн павловн,1,sentence,0,1
Глогау,глога,Пруссию,прусси,1,sentence,0,1
Борису,борис,Пруссию,прусси,1,sentence,0,1
Анны Павловны,анн павловн,Глогау,глога,1,sentence,0,1
Борису,борис,Глогау,глога,1,sentence,0,1
Prusse,prusse,Ипполита,ипполит,1,sentence,0,1
Le Roi,le roi,Ипполита,ипполит,1,sentence,0,1
Ипполита,ипполит,Фридриха Великого,фридрих великого,1,sentence,0,1
Бонапарт,бонапарт,Ипполита,ипполит,1,sentence,0,1
Ипполита,ипполит,Потсдаме,потсдам,1,sentence,0,1
Анны Павловны,анн павловн,Фридриха Великого,фридрих великого,1,sentence,0,1
Анны Павловны,анн павловн,Бонапарт,бонапарт,1,sentence,0,1
Анны Павловны,анн павловн,Потсдаме,потсдам,1,sentence,0,1
Бонапарт,бонапарт,Фридриха Великого,фридрих великого,1,sentence,0,1
Потсдаме,потсдам,Фридриха Великого,фридрих великого,1,sentence,0,1
Бонапарт,бонапарт,Потсдаме,потсдам,1,sentence,0,1
Fr,fr,Ипполита,ипполит,1,sentence,0,1
Grand,grand,Ипполита,ипполит,1,sentence,0,1
Fr,fr,Grand,grand,1,sentence,0,1
Roi,roi,Voyons,voyons,1,sentence,0,1
Prusse,prusse,Voyons,voyons,1,sentence,0,1
Non,non,Вены,вен,1,sentence,0,1
Il,il,Анны Павловны,анн павловн,1,sentence,0,1
Nous,nous,Roi,roi,1,sentence,0,1
Nous,nous,Prusse,prusse,1,sentence,0,1
Empereur,empereur,Je,je,1,sentence,0,1
Il,il,Schwarzenberg,schwarzenberg,1,sentence,0,1
Мне,мн,Элен,элен,1,sentence,0,1
Анны Павловны,анн павловн,Мне,мн,1,sentence,0,1
Безухову,безухов,Петербург Борис,петербург борис,1,sentence,0,1
Болконского,болконского,Марья,марь,1,sentence,0,1
Княжна Марья,княжн марь,Николая,никола,1,sentence,0,1
Марья,марь,Савишной,савишн,1,sentence,0,1
Николай,николай,Савишной,савишн,1,sentence,0,1
Богучаровым,богучаровым,Лысыми Горами,лысым горам,1,sentence,0,1
Лысыми Горами,лысым горам,Лысых Гор,лысых гор,1,sentence,0,1
Богучарово,богучарово,Лысыми Горами,лысым горам,1,sentence,0,1
Андрей,андр,Лысыми Горами,лысым горам,1,sentence,0,1
Андрея,андре,Лысыми Горами,лысым горам,1,sentence,0,1
Богучаровым,богучаровым,Лысых Гор,лысых гор,1,sentence,0,1
Богучарово,богучарово,Богучаровым,богучаровым,1,sentence,0,1
Андрей,андр,Богучаровым,богучаровым,1,sentence,0,1
Андрея,андре,Богучаровым,богучаровым,1,sentence,0,1
Андрей,андр,Лысых Гор,лысых гор,1,sentence,0,1
Андрей,андр,Богучарово,богучарово,1,sentence,0,1
Андрея,андре,Богучарово,богучарово,1,sentence,0,1
Аустерлицком,аустерлицк,Князь Андрей,князь андр,1,sentence,0,1
Князь Андрей,князь андр,Лысых Горах,лысых горах,1,sentence,0,1
Петруша,петруш,Пожалуйте,пожалуйт,1,sentence,0,1
Андрея,андре,Петруша,петруш,1,sentence,0,1
Андрея,андре,Пожалуйте,пожалуйт,1,sentence,0,1
Карл Иваныч,карл иваныч,Марья,марь,1,sentence,0,1
Карл Иваныч,карл иваныч,Убирайтесь,убирайтесь,1,sentence,0,1
Буонапартием,буонапарти,Эйлау,эйла,1,sentence,0,1
Петеньки,петеньк,Прейсиш-Эйлауском,прейсиш-эйлауск,1,sentence,0,1
Austerlitz,austerlitz,Prince,prince,1,sentence,0,1
Austerlitz,austerlitz,Билибина,билиб,1,sentence,0,1
Austerlitz,austerlitz,Depuis,depuis,1,sentence,0,1
Prince,prince,Билибина,билиб,1,sentence,0,1
Depuis,depuis,Prince,prince,1,sentence,0,1
Depuis,depuis,Билибина,билиб,1,sentence,0,1
Potsdam,potsdam,Prussiens,prussiens,1,sentence,0,1
Bonaparte,bonaparte,Roi,roi,1,sentence,0,1
Bonaparte,bonaparte,Prusse,prusse,1,sentence,0,1
Fran,fran,Prussiens,prussiens,1,sentence,0,1
Glogau,glogau,Roi,roi,1,sentence,0,1
Le,le,Roi,roi,1,sentence,0,1
Glogau,glogau,Prusse,prusse,1,sentence,0,1
Le,le,Prusse,prusse,1,sentence,0,1
Glogau,glogau,Le,le,1,sentence,0,1
Bref,bref,Roi,roi,1,sentence,0,1
Bref,bref,Prusse,prusse,1,sentence,0,1
Austerlitz,austerlitz,Prosorofsky,prosorofsky,1,sentence,0,1
Austerlitz,austerlitz,Kamensky,kamensky,1,sentence,0,1
Kamensky,kamensky,Prosorofsky,prosorofsky,1,sentence,0,1
Буксгевдену,буксгевден,Пултуск,пултуск,1,sentence,0,1
Empereur,empereur,Остроленке,остроленк,1,sentence,0,1
Остерман,остерман,Остроленке,остроленк,1,sentence,0,1
Остроленке,остроленк,Пруссию,прусси,1,sentence,0,1
Буксгевдену,буксгевден,Остроленке,остроленк,1,sentence,0,1
Остроленке,остроленк,Седморецкий,седморецкий,1,sentence,0,1
Empereur,empereur,Остерман,остерман,1,sentence,0,1
Empereur,empereur,Пруссию,прусси,1,sentence,0,1
Empereur,empereur,Буксгевдену,буксгевден,1,sentence,0,1
Empereur,empereur,Седморецкий,седморецкий,1,sentence,0,1
Остерман,остерман,Пруссию,прусси,1,sentence,0,1
Буксгевдену,буксгевден,Остерман,остерман,1,sentence,0,1
Остерман,остерман,Седморецкий,седморецкий,1,sentence,0,1
Буксгевдену,буксгевден,Пруссию,прусси,1,sentence,0,1
Пруссию,прусси,Седморецкий,седморецкий,1,sentence,0,1
Буксгевдену,буксгевден,Седморецкий,седморецкий,1,sentence,0,1
Empereur,empereur,Le,le,1,sentence,0,1
Benigsen,benigsen,Hand,hand,1,sentence,0,1
Allemands,allemands,Hand,hand,1,sentence,0,1
Allemands,allemands,Benigsen,benigsen,1,sentence,0,1
Benigsen,benigsen,Boukshevden,boukshevden,1,sentence,0,1
Boukshevden,boukshevden,Poultousk,poultousk,1,sentence,0,1
Bonaparte,bonaparte,Poultousk,poultousk,1,sentence,0,1
Билибину,билибин,Князь Андрей,князь андр,1,sentence,0,1
Киевскую,киевску,Пьеру,пьер,1,sentence,0,1
Киев,ки,Пьеру,пьер,1,sentence,0,1
Опекунскому,опекунском,Пьеру,пьер,1,sentence,0,1
Болконскому,болконском,Пьеру,пьер,1,sentence,0,1
Антон,антон,Пьеру,пьер,1,sentence,0,1
Андрея,андре,Антон,антон,1,sentence,0,1
Антон,антон,Гость,гость,1,sentence,0,1
Андрей,андр,Планы,план,1,sentence,0,1
За,за,Пьеру,пьер,1,sentence,0,1
Андрей,андр,Навсегда,навсегд,1,sentence,0,1
Богу,бог,Одно,одно,1,sentence,0,1
Одно,одно,Пьеру,пьер,1,sentence,0,1
Андрей,андр,Несправедливо,несправедливо,1,sentence,0,1
Несправедливо,несправедливо,Пьеру,пьер,1,sentence,0,1
Андрей,андр,После Аустерлица,посл аустерлиц,1,sentence,0,1
Лысыми Горами,лысым горам,Смоленска,смоленск,1,sentence,0,1
Бонапарт,бонапарт,Лысыми Горами,лысым горам,1,sentence,0,1
Бонапарт,бонапарт,Смоленска,смоленск,1,sentence,0,1
Андрей,андр,Юхнове,юхнов,1,sentence,0,1
Андрея,андре,Князь Андрей,князь андр,1,sentence,0,1
Лысые Горы,лысы гор,Пьеру,пьер,1,sentence,0,1
Андрей,андр,Про,про,1,sentence,0,1
Пьеру,пьер,Только,только,1,sentence,0,1
Андрей,андр,Гердера,гердер,1,sentence,0,1
Князю Андрею,княз андре,Пьеру,пьер,1,sentence,0,1
Аустерлица,аустерлиц,Аустерлицком,аустерлицк,1,sentence,0,1
Аустерлицком,аустерлицк,Однако,однако,1,sentence,0,1
Андрей,андр,Аустерлицком,аустерлицк,1,sentence,0,1
Аустерлицком,аустерлицк,Пьеру,пьер,1,sentence,0,1
Аустерлица,аустерлиц,Однако,однако,1,sentence,0,1
Андрей,андр,Аустерлица,аустерлиц,1,sentence,0,1
Андрей,андр,Однако,однако,1,sentence,0,1
Однако,однако,Пьеру,пьер,1,sentence,0,1
Пьеру,пьер,Свидание,свидани,1,sentence,0,1
Андрей,андр,Свидание,свидани,1,sentence,0,1
Андрея,андре,Свидание,свидани,1,sentence,0,1
Андрей,андр,Лысогорского,лысогорского,1,sentence,0,1
Лысогорского,лысогорского,Пьеру,пьер,1,sentence,0,1
Пойдем,пойд,Пьеру,пьер,1,sentence,0,1
Андрей,андр,Пойдем,пойд,1,sentence,0,1
Qu,qu,Пьеру,пьер,1,sentence,0,1
Андрей,андр,Иванушка,иванушк,1,sentence,0,1
Il,il,"Андрей
Пьеру",андр пьер,1,sentence,0,1
Andr,andr,Dieu,dieu,1,sentence,0,1
Dieu,dieu,Марья,марь,1,sentence,0,1
Pierre,pierre,Андрей,андр,1,sentence,0,1
Mais,mais,Pierre,pierre,1,sentence,0,1
Mais,mais,Андрей,андр,1,sentence,0,1
Vraiment,vraiment,Иванушка,иванушк,1,sentence,0,1
Иванушка,иванушк,Пьеру,пьер,1,sentence,0,1
Иванушка,иванушк,Марья,марь,1,sentence,0,1
Андрей,андр,Киеве,киев,1,sentence,0,1
Была,был,Рожество,рожество,1,sentence,0,1
Иванушка,иванушк,Чт,чт,1,sentence,0,1
Пелагеюшкой,пелагеюшк,Только,только,1,sentence,0,1
Пелагеюшкой,пелагеюшк,Юхнове,юхнов,1,sentence,0,1
Только,только,Юхнове,юхнов,1,sentence,0,1
Андрей,андр,Полно,полно,1,sentence,0,1
Марья,марь,Полно,полно,1,sentence,0,1
Киеве,киев,Кирюша,кирюш,1,sentence,0,1
Богородица,богородиц,Колязина,коляз,1,sentence,0,1
Богородица,богородиц,Пришла,пришл,1,sentence,0,1
Позвольте,позвольт,Пьеру,пьер,1,sentence,0,1
Ах,ах,Пелагеюшкой,пелагеюшк,1,sentence,0,1
Марья,марь,Пелагеюшкой,пелагеюшк,1,sentence,0,1
Андрей,андр,Пелагеюшкой,пелагеюшк,1,sentence,0,1
Амфилохия,амфилохи,Киев,ки,1,sentence,0,1
Предводитель,предводитель,Ростов,рост,1,sentence,0,1
Николай Андреич,николай андреич,Пьеру,пьер,1,sentence,0,1
Андрея,андре,Лысые Горы,лысы гор,1,sentence,0,1
Николай,николай,Пьеру,пьер,1,sentence,0,1
Bour,bour,Михаил Иваныч,михаил иваныч,1,sentence,0,1
Дементьева,дементь,Ростов,рост,1,sentence,0,1
Граф,граф,Дементьева,дементь,1,sentence,0,1
Дементьева,дементь,Лаврушка,лаврушк,1,sentence,0,1
Дементьева,дементь,Денисов,денис,1,sentence,0,1
Граф,граф,Ростов,рост,1,sentence,0,1
Граф,граф,Лаврушка,лаврушк,1,sentence,0,1
Граф,граф,Денисов,денис,1,sentence,0,1
Долохову,долохов,Ростовы,ростов,1,sentence,0,1
Бартенштейна,бартенштейн,Пултуск,пултуск,1,sentence,0,1
Бартенштейна,бартенштейн,Прейсиш-Эйлау,прейсиш-эйла,1,sentence,0,1
Платова,плат,Пултуск,пултуск,1,sentence,0,1
Платова,плат,Прейсиш-Эйлау,прейсиш-эйла,1,sentence,0,1
Миколке,миколк,Потемкинских,потемкинских,1,sentence,0,1
Миколке,миколк,Суворовских,суворовских,1,sentence,0,1
Алеше,алеш,Миколке,миколк,1,sentence,0,1
Потемкинских,потемкинских,Суворовских,суворовских,1,sentence,0,1
Алеше,алеш,Потемкинских,потемкинских,1,sentence,0,1
Алеше,алеш,Суворовских,суворовских,1,sentence,0,1
Ростовы,ростов,Товарищ Ростова,товарищ рост,1,sentence,0,1
Ростов,рост,Ростовская,ростовска,1,sentence,0,1
Денисов,денис,Ростовская,ростовска,1,sentence,0,1
Ростовская,ростовска,Экая,эка,1,sentence,0,1
Ростов,рост,Экая,эка,1,sentence,0,1
Денисов,денис,Экая,эка,1,sentence,0,1
Ведь,ведь,Лазарчук,лазарчук,1,sentence,0,1
Денисов,денис,Седлай,седлай,1,sentence,0,1
Куда,куд,Ростов,рост,1,sentence,0,1
Денисов,денис,Суди,суд,1,sentence,0,1
Ростов,рост,Суди,суд,1,sentence,0,1
Денисов,денис,Немного,немного,1,sentence,0,1
Ведь,ведь,Денисов,денис,1,sentence,0,1
Денисов,денис,Ростовы,ростов,1,sentence,0,1
Денисов,денис,Приезжаю,приезжа,1,sentence,0,1
Денисов,денис,Телянин,телян,1,sentence,0,1
Денисову,денисов,Ростов,рост,1,sentence,0,1
Доктор,доктор,Ростов,рост,1,sentence,0,1
Отчего,отчего,Ростов,рост,1,sentence,0,1
Майор Денисов,майор денис,Молитеном,молитен,1,sentence,0,1
Молитеном,молитен,Ростов,рост,1,sentence,0,1
Майор Денисов,майор денис,Ростов,рост,1,sentence,0,1
Макара Алексеича,макар алексеич,Списки,списк,1,sentence,0,1
Здравия,здрави,Ростов,рост,1,sentence,0,1
Ростов,рост,Убери,убер,1,sentence,0,1
Тушин,туш,Шенграбене,шенграбен,1,sentence,0,1
"Василья
Дмитриевича Денисова",василь дмитриевич денис,Ростовы,ростов,1,sentence,0,1
Денисов,денис,Мне,мн,1,sentence,0,1
Ловко,ловко,Тушин,туш,1,sentence,0,1
Василий Дмитрич,василий дмитрич,Ростовы,ростов,1,sentence,0,1
Денисов,денис,Тушиным,тушиным,1,sentence,0,1
Денисову,денисов,Тушиным,тушиным,1,sentence,0,1
Видно,видно,Ростовы,ростов,1,sentence,0,1
Борис Друбецкой,борис друбецк,Тильзит,тильзит,1,sentence,0,1
Je,je,Буонапарте,буонапарт,1,sentence,0,1
Буонапарте,буонапарт,Наполеон,наполеон,1,sentence,0,1
Je,je,Наполеон,наполеон,1,sentence,0,1
Buonaparte,buonaparte,Vous,vous,1,sentence,0,1
Mon,mon,Napol,napol,1,sentence,0,1
Александра,александр,Немане,неман,1,sentence,0,1
Наполеон,наполеон,Немане,неман,1,sentence,0,1
Наполеон,наполеон,Тильзит,тильзит,1,sentence,0,1
Борису,борис,Париже,париж,1,sentence,0,1
Париже,париж,Тильзит,тильзит,1,sentence,0,1
Жилинскому,жилинском,Париже,париж,1,sentence,0,1
Борису,борис,Жилинскому,жилинском,1,sentence,0,1
Жилинскому,жилинском,Тильзит,тильзит,1,sentence,0,1
Борису,борис,Жилинский,жилинский,1,sentence,0,1
Жилинского,жилинского,Ростов,рост,1,sentence,0,1
Жилинского,жилинского,Тильзит,тильзит,1,sentence,0,1
Борису,борис,Ростовы,ростов,1,sentence,0,1
Наполеон,наполеон,Ростовы,ростов,1,sentence,0,1
Борису,борис,Наполеон,наполеон,1,sentence,0,1
Платовским,платовским,Ростов,рост,1,sentence,0,1
Наполеон,наполеон,Платовским,платовским,1,sentence,0,1
Бонапарт,бонапарт,Ростов,рост,1,sentence,0,1
Борису,борис,Поэтому Ростова,поэтом рост,1,sentence,0,1
Глаза Бориса,глаз борис,Ростов,рост,1,sentence,0,1
Ах,ах,Борису,борис,1,sentence,0,1
Ростовы,ростов,Тильзит,тильзит,1,sentence,0,1
Борису,борис,Денисову,денисов,1,sentence,0,1
Ростов,рост,Ростовы,ростов,1,sentence,0,1
Наполеон Андрея,наполеон андре,Почетного,почетного,1,sentence,0,1
Почетного,почетного,Преображенскому,преображенском,1,sentence,0,1
Александра,александр,Почетного,почетного,1,sentence,0,1
Наполеон Андрея,наполеон андре,Преображенскому,преображенском,1,sentence,0,1
Александра,александр,Наполеон Андрея,наполеон андре,1,sentence,0,1
Александра,александр,Преображенскому,преображенском,1,sentence,0,1
Всякую,всяку,Ростов,рост,1,sentence,0,1
Николай,николай,Подать,подать,1,sentence,0,1
Bien,bien,Ростов,рост,1,sentence,0,1
Денисов,денис,От,от,1,sentence,0,1
От,от,Ростов,рост,1,sentence,0,1
Поручик,поручик,Ростов,рост,1,sentence,0,1
Денисов,денис,Едва Ростов,едв рост,1,sentence,0,1
Берейтор Эне,берейтор эн,Ростов,рост,1,sentence,0,1
Аустерлица,аустерлиц,Берейтор Эне,берейтор эн,1,sentence,0,1
Аустерлица,аустерлиц,Ростов,рост,1,sentence,0,1
Преображенском,преображенск,Ростов,рост,1,sentence,0,1
Александра,александр,Ура,ур,1,sentence,0,1
Vive,vive,Александра,александр,1,sentence,0,1
Empereur,empereur,Александра,александр,1,sentence,0,1
Наполеон,наполеон,Ура,ур,1,sentence,0,1
Vive,vive,Наполеон,наполеон,1,sentence,0,1
Empereur,empereur,Наполеон,наполеон,1,sentence,0,1
Vive,vive,Ура,ур,1,sentence,0,1
Empereur,empereur,Ура,ур,1,sentence,0,1
Empereur,empereur,Vive,vive,1,sentence,0,1
Наполеон,наполеон,Преображенского,преображенского,1,sentence,0,1
Votre,votre,Александра,александр,1,sentence,0,1
Александра,александр,Козловскому,козловском,1,sentence,0,1
Votre,votre,Козловскому,козловском,1,sentence,0,1
Александра,александр,Кому,ком,1,sentence,0,1
Козловского,козловского,Кому,ком,1,sentence,0,1
Александра,александр,Козловского,козловского,1,sentence,0,1
Ростов,рост,Уж,уж,1,sentence,0,1
Александра,александр,Лазареву,лазарев,1,sentence,0,1
Александра,александр,Лазарев,лазар,1,sentence,0,1
Alexandre,alexandre,Napol,napol,1,sentence,0,1
Napol,napol,Наполеон,наполеон,1,sentence,0,1
France,france,Napol,napol,1,sentence,0,1
Napol,napol,Russie,russie,1,sentence,0,1
Alexandre,alexandre,Наполеон,наполеон,1,sentence,0,1
Alexandre,alexandre,France,france,1,sentence,0,1
Alexandre,alexandre,Russie,russie,1,sentence,0,1
France,france,Наполеон,наполеон,1,sentence,0,1
Russie,russie,Наполеон,наполеон,1,sentence,0,1
France,france,Russie,russie,1,sentence,0,1
Денисов,денис,Лазарев,лазар,1,sentence,0,1
Ростов,рост,Фридланда,фридланд,1,sentence,0,1
Богу,бог,Николай,николай,1,sentence,0,1
Александра,александр,Эрфурт,эрфурт,1,sentence,0,1
Австрию,австри,Бонапарт,бонапарт,1,sentence,0,1
Бонапарт,бонапарт,Наполеон,наполеон,1,sentence,0,1
Австрию,австри,Александра,александр,1,sentence,0,1
Австрию,австри,Наполеон,наполеон,1,sentence,0,1
Андрей,андр,Лысых Горах,лысых горах,1,sentence,0,1
Андрей,андр,Илья Андреевич Ростов,иль андреевич рост,1,sentence,0,1
Граф Илья Андреич,граф иль андреич,Отрадном,отрадн,1,sentence,0,1
Андрей,андр,Только,только,1,sentence,0,1
Мало,мало,Пьеру,пьер,1,sentence,0,1
Mon,mon,Николушка,николушк,1,sentence,0,1
Mon,mon,Марья,марь,1,sentence,0,1
Князь Андрей,князь андр,Петербурге,петербург,1,sentence,0,1
Петергофе,петергоф,Сперанским,сперанским,1,sentence,0,1
Александра,александр,Кочубея,кочубе,1,sentence,0,1
Кочубея,кочубе,Чарторижского,чарторижского,1,sentence,0,1
Кочубея,кочубе,Новосильцева,новосильц,1,sentence,0,1
Кочубея,кочубе,Строгонова,строгон,1,sentence,0,1
Александра,александр,Чарторижского,чарторижского,1,sentence,0,1
Александра,александр,Новосильцева,новосильц,1,sentence,0,1
Александра,александр,Строгонова,строгон,1,sentence,0,1
Новосильцева,новосильц,Чарторижского,чарторижского,1,sentence,0,1
Строгонова,строгон,Чарторижского,чарторижского,1,sentence,0,1
Новосильцева,новосильц,Строгонова,строгон,1,sentence,0,1
Аракчеев,аракче,Сперанский,сперанский,1,sentence,0,1
Андрея,андре,Аракчееву,аракчеев,1,sentence,0,1
Аракчееву,аракчеев,Силы Андреича,сил андреич,1,sentence,0,1
Болконский,болконский,Садитесь,садитесь,1,sentence,0,1
Аракчеев,аракче,Садитесь,садитесь,1,sentence,0,1
Аракчеев,аракче,Болконский,болконский,1,sentence,0,1
Аракчеев,аракче,Изволите,изволит,1,sentence,0,1
Аракчеев,аракче,Без,без,1,sentence,0,1
Петербурге,петербург,Сперанский,сперанский,1,sentence,0,1
Андрей,андр,Кочубея,кочубе,1,sentence,0,1
Аракчеев,аракче,Кочубея,кочубе,1,sentence,0,1
Андрей,андр,Кочубей,кочуб,1,sentence,0,1
Аракчеев,аракче,Кочубей,кочуб,1,sentence,0,1
Кочубей,кочуб,Силы Андреича,сил андреич,1,sentence,0,1
Аракчеев,аракче,Силы Андреича,сил андреич,1,sentence,0,1
Mon,mon,Михаила Михайловича,михаил михайлович,1,sentence,0,1
Какое,како,Сперанскому,сперанском,1,sentence,0,1
Андрей,андр,Сперанскому,сперанском,1,sentence,0,1
Болконский,болконский,Маленькое,маленько,1,sentence,0,1
Vous,vous,Кочубея,кочубе,1,sentence,0,1
Андрея,андре,Граф Кочубей,граф кочуб,1,sentence,0,1
Сперанский,сперанский,Эрфурт,эрфурт,1,sentence,0,1
Директором,директор,Магницкий,магницкий,1,sentence,0,1
Около Сперанского,около сперанского,Пряничникове,пряничников,1,sentence,0,1
Пряничникове,пряничников,Сперанскому,сперанском,1,sentence,0,1
Около Сперанского,около сперанского,Сперанскому,сперанском,1,sentence,0,1
Болконский,болконский,России,росси,1,sentence,0,1
России,росси,Сперанского,сперанского,1,sentence,0,1
Князь Андрей,князь андр,России,росси,1,sentence,0,1
Болконский,болконский,Сперанского,сперанского,1,sentence,0,1
Болконский,болконский,Князь Андрей,князь андр,1,sentence,0,1
Князю Андрею,княз андре,Сперанский,сперанский,1,sentence,0,1
Князь Андрей,князь андр,Сперанским,сперанским,1,sentence,0,1
Основание,основани,Сперанский,сперанский,1,sentence,0,1
Андрей,андр,Отчасти,отчаст,1,sentence,0,1
Montesquieu,montesquieu,Андрей,андр,1,sentence,0,1
Ежели,ежел,Магницким,магницким,1,sentence,0,1
Кочубея,кочубе,Сперанский,сперанский,1,sentence,0,1
Болконского,болконского,Кочубея,кочубе,1,sentence,0,1
Андрея,андре,Кочубея,кочубе,1,sentence,0,1
Князь Андрей,князь андр,Сперанском,сперанск,1,sentence,0,1
Андрей,андр,Болконский,болконский,1,sentence,0,1
Сперанским,сперанским,Сперанского,сперанского,1,sentence,0,1
Андрея,андре,Сперанским,сперанским,1,sentence,0,1
Бонапарт,бонапарт,Сперанским,сперанским,1,sentence,0,1
Андрей,андр,Сперанским,сперанским,1,sentence,0,1
Андрей,андр,Бонапарт,бонапарт,1,sentence,0,1
Сперанский,сперанский,Сперанскому,сперанском,1,sentence,0,1
Розенкампф,розенкампф,Сперанский,сперанский,1,sentence,0,1
Болконский,болконский,Розенкампф,розенкампф,1,sentence,0,1
Андрея,андре,Розенкампф,розенкампф,1,sentence,0,1
Права,прав,Сперанского,сперанского,1,sentence,0,1
Code Napol,code napol,Права,прав,1,sentence,0,1
Justiniani,justiniani,Права,прав,1,sentence,0,1
Code Napol,code napol,Сперанского,сперанского,1,sentence,0,1
Justiniani,justiniani,Сперанского,сперанского,1,sentence,0,1
Code Napol,code napol,Justiniani,justiniani,1,sentence,0,1
Иосифа Алексеевича,иосиф алексеевич,Петербурге,петербург,1,sentence,0,1
"Ивана
Васильевича",иван васильевич,Пьеру,пьер,1,sentence,0,1
Богу,бог,Соломона,соломон,1,sentence,0,1
Безухов,безух,России,росси,1,sentence,0,1
Востока,восток,Иерусалима,иерусалим,1,sentence,0,1
Caulaincourt,caulaincourt,Наполеоновского,наполеоновского,1,sentence,0,1
Наполеоновского,наполеоновского,Петербурге,петербург,1,sentence,0,1
Наполеоновского,наполеоновского,Элен,элен,1,sentence,0,1
Наполеоновского,наполеоновского,Румянцова,румянц,1,sentence,0,1
Caulaincourt,caulaincourt,Петербурге,петербург,1,sentence,0,1
Caulaincourt,caulaincourt,Элен,элен,1,sentence,0,1
Caulaincourt,caulaincourt,Румянцова,румянц,1,sentence,0,1
Петербурге,петербург,Румянцова,румянц,1,sentence,0,1
Румянцова,румянц,Элен,элен,1,sentence,0,1
Наполеоновскими,наполеоновским,Эрфурт,эрфурт,1,sentence,0,1
Европы,европ,Наполеоновскими,наполеоновским,1,sentence,0,1
Европы,европ,Эрфурт,эрфурт,1,sentence,0,1
Ligne,ligne,Известный,известный,1,sentence,0,1
Безухову,безухов,Элен,элен,1,sentence,0,1
Борис Друбецкой,борис друбецк,Элен,элен,1,sentence,0,1
Безуховых,безуховых,Элен,элен,1,sentence,0,1
Элен,элен,Эрфурт,эрфурт,1,sentence,0,1
Безуховых,безуховых,Борис Друбецкой,борис друбецк,1,sentence,0,1
Борис Друбецкой,борис друбецк,Эрфурт,эрфурт,1,sentence,0,1
Безуховых,безуховых,Эрфурт,эрфурт,1,sentence,0,1
Писание,писани,Пьеру,пьер,1,sentence,0,1
Пьеру,пьер,Св,св,1,sentence,0,1
Встал,встал,Пьеру,пьер,1,sentence,0,1
Встал,встал,Писание,писани,1,sentence,0,1
Встал,встал,Св,св,1,sentence,0,1
Писание,писани,Читал Св,читал св,1,sentence,0,1
Имел,имел,Много,много,1,sentence,0,1
"Дух
Святой",дух свят,Христос,христос,1,sentence,0,1
Писание,писани,Проснулся,проснулс,1,sentence,0,1
Проснулся,проснулс,Св,св,1,sentence,0,1
Господин Долохов,господ долох,Москвы,москв,1,sentence,0,1
Видел,видел,Иосифа Алексеевича,иосиф алексеевич,1,sentence,0,1
Живот,живот,Писание,писани,1,sentence,0,1
Живот,живот,Св,св,1,sentence,0,1
Твоя,тво,Тобою,тобо,1,sentence,0,1
Митинька,митиньк,Николай Ростов,николай рост,1,sentence,0,1
Николай Ростов,николай рост,Отрадном,отрадн,1,sentence,0,1
Митинька,митиньк,Отрадном,отрадн,1,sentence,0,1
Москве Ростовы,москв ростов,Петербурге,петербург,1,sentence,0,1
Петербурге,петербург,Пьер Безухов,пьер безух,1,sentence,0,1
Москвы,москв,Пьер Безухов,пьер безух,1,sentence,0,1
Перонская,перонска,Пьер Безухов,пьер безух,1,sentence,0,1
Отрадному,отрадном,Пьер Безухов,пьер безух,1,sentence,0,1
Перонская,перонска,Петербурге,петербург,1,sentence,0,1
Отрадному,отрадном,Петербурге,петербург,1,sentence,0,1
Москвы,москв,Перонская,перонска,1,sentence,0,1
Москвы,москв,Отрадному,отрадном,1,sentence,0,1
Отрадному,отрадном,Перонская,перонска,1,sentence,0,1
Вера,вер,Пьеру,пьер,1,sentence,0,1
Аустерлица,аустерлиц,Финляндскую,финляндску,1,sentence,0,1
Берга,берг,Финляндскую,финляндску,1,sentence,0,1
Das,das,Веру Ростову,вер ростов,1,sentence,0,1
Das,das,Weib,weib,1,sentence,0,1
Das,das,Берга,берг,1,sentence,0,1
Weib,weib,Веру Ростову,вер ростов,1,sentence,0,1
Берга,берг,Веру Ростову,вер ростов,1,sentence,0,1
Weib,weib,Берга,берг,1,sentence,0,1
Берга,берг,Ростовы,ростов,1,sentence,0,1
Остзейском,остзейск,Петербурге,петербург,1,sentence,0,1
Вера,вер,"Но
Берг",но берг,1,sentence,0,1
Борису,борис,Перед Соней,перед сон,1,sentence,0,1
Москвы,москв,Ростовым,ростовым,1,sentence,0,1
Борису,борис,Ростовым,ростовым,1,sentence,0,1
Москвы,москв,Отрадного,отрадного,1,sentence,0,1
Отрадного,отрадного,Ростовых,ростовых,1,sentence,0,1
Анна Михайловна,анн михайловн,Ростовых,ростовых,1,sentence,0,1
Безухову,безухов,Петербурге,петербург,1,sentence,0,1
Еще,ещ,Наташа,наташ,1,sentence,0,1
Ростовых,ростовых,Элен,элен,1,sentence,0,1
Наташа,наташ,Сходит,сходит,1,sentence,0,1
Знаю,зна,Кирила Матвеич,кирил матвеич,1,sentence,0,1
Боря,бор,Наташа,наташ,1,sentence,0,1
Наташа,наташ,Полноте,полнот,1,sentence,0,1
Дуняшу,дуняш,Херубиниевской,херубиниевск,1,sentence,0,1
Марья Игнатьевна Перонская,марь игнатьевн перонска,Ростовым,ростовым,1,sentence,0,1
Марья Игнатьевна Перонская,марь игнатьевн перонска,Ростовых,ростовых,1,sentence,0,1
Ростовым,ростовым,Ростовых,ростовых,1,sentence,0,1
Ростовы,ростов,Таврическому,таврическом,1,sentence,0,1
Наташа,наташ,Таврическому,таврическом,1,sentence,0,1
Ей Богу,ей бог,Мавруша,мавруш,1,sentence,0,1
Дуняшу,дуняш,Ну,ну,1,sentence,0,1
Дуняшу,дуняш,Ничего,ничего,1,sentence,0,1
Перонской,перонск,Ростовых,ростовых,1,sentence,0,1
Безухов,безух,Элен,элен,1,sentence,0,1
Безухов,безух,Петербурге,петербург,1,sentence,0,1
Анатоль Курагин,анатоль кураг,Безухову,безухов,1,sentence,0,1
Антоновна,антоновн,Марья,марь,1,sentence,0,1
Безухов,безух,Перонская,перонска,1,sentence,0,1
Перонская,перонска,Пьеру,пьер,1,sentence,0,1
Отрадном,отрадн,Помните,помнит,1,sentence,0,1
Александра,александр,Елизавета,елизавет,1,sentence,0,1
Нарышкиной,нарышкин,Перонская,перонска,1,sentence,0,1
Красавец Анатоль,красавец анатоль,Наташа,наташ,1,sentence,0,1
Барон Фиргоф,барон фиргоф,Государственного Совета,государственного совет,1,sentence,0,1
Наташа,наташ,Перонской,перонск,1,sentence,0,1
Андрей,андр,Перонской,перонск,1,sentence,0,1
Андрея,андре,Давно,давно,1,sentence,0,1
Андрей,андр,Какова,как,1,sentence,0,1
Безухов,безух,Особенно,особенно,1,sentence,0,1
Бицкий,бицкий,Сперанского,сперанского,1,sentence,0,1
Петербурге,петербург,Сперанского,сперанского,1,sentence,0,1
Бицкий,бицкий,Петербурге,петербург,1,sentence,0,1
Сенату,сенат,Совет,совет,1,sentence,0,1
Государь,государь,Сенату,сенат,1,sentence,0,1
Государь,государь,Совет,совет,1,sentence,0,1
Государственного Совета,государственного совет,Князь Андрей,князь андр,1,sentence,0,1
Бицкому,бицком,Совет,совет,1,sentence,0,1
Сперанского,сперанского,Таврического,таврического,1,sentence,0,1
Андрей,андр,Таврического,таврического,1,sentence,0,1
Жерве,жерв,Магницкий,магницкий,1,sentence,0,1
Магницкий,магницкий,Столыпин,столып,1,sentence,0,1
Андрей,андр,Магницкого,магницкого,1,sentence,0,1
Жерве,жерв,Сперанский,сперанский,1,sentence,0,1
Сперанский,сперанский,Столыпин,столып,1,sentence,0,1
Магницкому,магницком,Минутку,минутк,1,sentence,0,1
Андрей,андр,Наполеон,наполеон,1,sentence,0,1
Ну,ну,Сперанский,сперанский,1,sentence,0,1
Андрея,андре,Удивительный,удивительный,1,sentence,0,1
Куда,куд,Сперанский,сперанский,1,sentence,0,1
Сперанский,сперанский,Сперанского,сперанского,1,sentence,0,1
Князь Андрей,князь андр,Сперанский,сперанский,1,sentence,0,1
Дрона,дрон,Рязань,рязань,1,sentence,0,1
Богучарово,богучарово,Дрона,дрон,1,sentence,0,1
Богучарово,богучарово,Рязань,рязань,1,sentence,0,1
Англию,англи,Италии,итали,1,sentence,0,1
Англию,англи,Швейцарию,швейцари,1,sentence,0,1
Италии,итали,Швейцарию,швейцари,1,sentence,0,1
Адольф Берг,адольф берг,Москвы,москв,1,sentence,0,1
Адольф Берг,адольф берг,Петербурге,петербург,1,sentence,0,1
Александру Павловичу,александр павлович,Петербурге,петербург,1,sentence,0,1
Адольф Берг,адольф берг,Александру Павловичу,александр павлович,1,sentence,0,1
Адольф Берг,адольф берг,Пьеру,пьер,1,sentence,0,1
Александру Павловичу,александр павлович,Пьеру,пьер,1,sentence,0,1
Берга,берг,Елена Васильевна,елен васильевн,1,sentence,0,1
Бергам,бергам,Пьеру,пьер,1,sentence,0,1
Mann,mann,Вера,вер,1,sentence,0,1
Точно,точно,Юсуповой,юсупов,1,sentence,0,1
Берга,берг,Точно,точно,1,sentence,0,1
Берга,берг,Юсуповой,юсупов,1,sentence,0,1
Вера,вер,Только,только,1,sentence,0,1
За Бориса,за борис,Ростовы,ростов,1,sentence,0,1
Андрей,андр,Вера,вер,1,sentence,0,1
Вера,вер,Возвращение,возвращени,1,sentence,0,1
Et Nathalie,et nathalie,Вера,вер,1,sentence,0,1
Возвращение,возвращени,Натали,натал,1,sentence,0,1
Et Nathalie,et nathalie,Возвращение,возвращени,1,sentence,0,1
Андрея,андре,Возвращение,возвращени,1,sentence,0,1
Et Nathalie,et nathalie,Натали,натал,1,sentence,0,1
Андрея,андре,Натали,натал,1,sentence,0,1
Et Nathalie,et nathalie,Андрея,андре,1,sentence,0,1
Илья Андреич,иль андреич,Ростовым,ростовым,1,sentence,0,1
Андрей,андр,Илья Андреич,иль андреич,1,sentence,0,1
Богу,бог,Мама,мам,1,sentence,0,1
Андрея,андре,Отрадном,отрадн,1,sentence,0,1
Наташа,наташ,Полно,полно,1,sentence,0,1
Голубушка,голубушк,Наташа,наташ,1,sentence,0,1
Любит,любит,Пьеру,пьер,1,sentence,0,1
Пьеру,пьер,Темнота,темнот,1,sentence,0,1
Болконский,болконский,Мама,мам,1,sentence,0,1
Андрей,андр,Давно,давно,1,sentence,0,1
Наташа,наташ,Поди,под,1,sentence,0,1
Наташа,наташ,Правду,правд,1,sentence,0,1
Андрей,андр,Сказала,сказал,1,sentence,0,1
Андрей,андр,Простите,простит,1,sentence,0,1
Наташа,наташ,Це,це,1,sentence,0,1
Андрей,андр,Болконского,болконского,1,sentence,0,1
Николая,никола,Ростовы,ростов,1,sentence,0,1
Николая,никола,Петербурге,петербург,1,sentence,0,1
Николая,никола,Отрадное,отрадно,1,sentence,0,1
Отрадное,отрадно,Ростовы,ростов,1,sentence,0,1
Отрадное,отрадно,Петербурге,петербург,1,sentence,0,1
Николая,никола,Петя,пет,1,sentence,0,1
Андрея,андре,Петя,пет,1,sentence,0,1
Sophie,sophie,Какое,како,1,sentence,0,1
Sophie,sophie,Андрей,андр,1,sentence,0,1
Николинька,николиньк,Тебе,теб,1,sentence,0,1
Андрея,андре,Николинька,николиньк,1,sentence,0,1
Андрея,андре,Тебе,теб,1,sentence,0,1
Который,который,Тем,тем,1,sentence,0,1
Лысые Горы,лысы гор,Марья,марь,1,sentence,0,1
Марья,марь,Петербурге,петербург,1,sentence,0,1
Лысых Гор,лысых гор,Марья,марь,1,sentence,0,1
Марья,марь,Турции,турци,1,sentence,0,1
Жюли Карагиной,жюл карагин,Петербурге,петербург,1,sentence,0,1
Жюли Карагиной,жюл карагин,Лысых Гор,лысых гор,1,sentence,0,1
Жюли Карагиной,жюл карагин,Турции,турци,1,sentence,0,1
Андрея,андре,Жюли Карагиной,жюл карагин,1,sentence,0,1
Лысых Гор,лысых гор,Петербурге,петербург,1,sentence,0,1
Петербурге,петербург,Турции,турци,1,sentence,0,1
Лысых Гор,лысых гор,Турции,турци,1,sentence,0,1
Андрея,андре,Турции,турци,1,sentence,0,1
Julie,julie,Горести,горест,1,sentence,0,1
Богу,бог,Который,который,1,sentence,0,1
Которого,которого,Творца,творц,1,sentence,0,1
Его,его,Которого,которого,1,sentence,0,1
Которого,которого,Своему,своем,1,sentence,0,1
Его,его,Творца,творц,1,sentence,0,1
Своему,своем,Творца,творц,1,sentence,0,1
Его,его,Своему,своем,1,sentence,0,1
Буонапарте,буонапарт,Великой Екатерины,велик екатерин,1,sentence,0,1
Великой Екатерины,велик екатерин,Европы,европ,1,sentence,0,1
Буонапарте,буонапарт,Европы,европ,1,sentence,0,1
Лысых Горах,лысых горах,Михаилом Ивановичем,михаил иванович,1,sentence,0,1
Буонапарте,буонапарт,Лысых Горах,лысых горах,1,sentence,0,1
Буонапарте,буонапарт,Михаилом Ивановичем,михаил иванович,1,sentence,0,1
Марья,марь,Швейцарию,швейцари,1,sentence,0,1
Андрея,андре,Швейцарию,швейцари,1,sentence,0,1
Князь Андрей,князь андр,Ростовы,ростов,1,sentence,0,1
Бурьенке,бурьенк,Мачиха Николушки,мачих николушк,1,sentence,0,1
Богу,бог,Марья,марь,1,sentence,0,1
Андрея,андре,Княжна Марья,княжн марь,1,sentence,0,1
Богу,бог,Христос,христос,1,sentence,0,1
Марья,марь,Федосьюшка,федосьюшк,1,sentence,0,1
Богу,бог,Коко,коко,1,sentence,0,1
Денисов,денис,Николай Ростов,николай рост,1,sentence,0,1
Николай Ростов,николай рост,Павлоградском,павлоградск,1,sentence,0,1
Денисов,денис,Павлоградском,павлоградск,1,sentence,0,1
Болконским,болконским,Наташа,наташ,1,sentence,0,1
Денисов,денис,Марса,марс,1,sentence,0,1
Марса,марс,Ростов,рост,1,sentence,0,1
Лаврушка,лаврушк,Марса,марс,1,sentence,0,1
Пшаздецкой,пшаздецк,Ростов,рост,1,sentence,0,1
Анну,анн,Ростов,рост,1,sentence,0,1
Боржозовской,боржозовск,Ростов,рост,1,sentence,0,1
Голуховскому,голуховском,Ростов,рост,1,sentence,0,1
Анну,анн,Пшаздецкой,пшаздецк,1,sentence,0,1
Боржозовской,боржозовск,Пшаздецкой,пшаздецк,1,sentence,0,1
Голуховскому,голуховском,Пшаздецкой,пшаздецк,1,sentence,0,1
Анну,анн,Боржозовской,боржозовск,1,sentence,0,1
Анну,анн,Голуховскому,голуховском,1,sentence,0,1
Боржозовской,боржозовск,Голуховскому,голуховском,1,sentence,0,1
Басовым,басовым,Ростов,рост,1,sentence,0,1
Отрадном,отрадн,Ростов,рост,1,sentence,0,1
Киев,ки,Ростов,рост,1,sentence,0,1
Дожойвейку,дожойвейк,Ростов,рост,1,sentence,0,1
Кременчуга,кременчуг,Ростов,рост,1,sentence,0,1
Киев,ки,Отрадном,отрадн,1,sentence,0,1
Дожойвейку,дожойвейк,Отрадном,отрадн,1,sentence,0,1
Кременчуга,кременчуг,Отрадном,отрадн,1,sentence,0,1
Дожойвейку,дожойвейк,Киев,ки,1,sentence,0,1
Киев,ки,Кременчуга,кременчуг,1,sentence,0,1
Дожойвейку,дожойвейк,Кременчуга,кременчуг,1,sentence,0,1
Митинька,митиньк,Николай,николай,1,sentence,0,1
Вон,вон,Митинька,митиньк,1,sentence,0,1
Клумба,клумб,Отрадном,отрадн,1,sentence,0,1
Митинька,митиньк,Отрадного,отрадного,1,sentence,0,1
Анна Михайловна,анн михайловн,Николая,никола,1,sentence,0,1
Анна Михайловна,анн михайловн,Борису,борис,1,sentence,0,1
Дубравы,дубрав,Ростов,рост,1,sentence,0,1
Данило,данило,Николай,николай,1,sentence,0,1
Милка,милк,Николай,николай,1,sentence,0,1
Отрадненский,отрадненский,Уварку,уварк,1,sentence,0,1
Отрадненский,отрадненский,Перевела,перевел,1,sentence,0,1
Приду,прид,Уварку,уварк,1,sentence,0,1
Данило,данило,Николая,никола,1,sentence,0,1
Данило,данило,Уварку,уварк,1,sentence,0,1
Николая,никола,Уварку,уварк,1,sentence,0,1
Данило,данило,Наташа,наташ,1,sentence,0,1
Едем,ед,Наташа,наташ,1,sentence,0,1
Едем,ед,Петя,пет,1,sentence,0,1
Едем,ед,Николай,николай,1,sentence,0,1
Петя,пет,Тщетны Россам,тщетн россам,1,sentence,0,1
Данила,данил,Михайла,михайл,1,sentence,0,1
Здравствуйте,здравствуйт,Николай,николай,1,sentence,0,1
Гирчик,гирчик,Корниках,корниках,1,sentence,0,1
Бери,бер,Корниках,корниках,1,sentence,0,1
Илагины,илагин,Корниках,корниках,1,sentence,0,1
Бери,бер,Гирчик,гирчик,1,sentence,0,1
Гирчик,гирчик,Илагины,илагин,1,sentence,0,1
Бери,бер,Илагины,илагин,1,sentence,0,1
Михайла,михайл,Петя,пет,1,sentence,0,1
Здравствуйте,здравствуйт,Петя,пет,1,sentence,0,1
Наташа,наташ,Трунила,трунил,1,sentence,0,1
Николинька,николиньк,Трунила,трунил,1,sentence,0,1
Николай,николай,Трунила,трунил,1,sentence,0,1
Вифлянкой,вифлянк,Илья Андреич,иль андреич,1,sentence,0,1
Данило,данило,Настасья Ивановна,настась ивановн,1,sentence,0,1
Настасья Ивановна,настась ивановн,Ну,ну,1,sentence,0,1
Данило,данило,Ну,ну,1,sentence,0,1
Семену,семен,Шшшш,шшшш,1,sentence,0,1
Наталью Ильиничну,наталь ильиничн,Семену,семен,1,sentence,0,1
Жаровых,жаровых,Петром Ильичем,петр ильич,1,sentence,0,1
Жаровых,жаровых,Семену,семен,1,sentence,0,1
Петром Ильичем,петр ильич,Семену,семен,1,sentence,0,1
Данила,данил,Семену,семен,1,sentence,0,1
Поискать,поискать,Семену,семен,1,sentence,0,1
Намедни,намедн,Сидорыч,сидорыч,1,sentence,0,1
Михаил,михаил,Намедни,намедн,1,sentence,0,1
Михаил,михаил,Сидорыч,сидорыч,1,sentence,0,1
Назад,назад,Семену,семен,1,sentence,0,1
Ну,ну,Тебе,теб,1,sentence,0,1
Богу,бог,Карай,карай,1,sentence,0,1
Карай,карай,Тебе,теб,1,sentence,0,1
Ростов,рост,Совершилось,совершилось,1,sentence,0,1
Ростов,рост,Улюлюлю,улюлюл,1,sentence,0,1
Николай,николай,Улюлю,улюл,1,sentence,0,1
Николай,николай,Улюлюлюлю,улюлюлюл,1,sentence,0,1
Красный Любим,красный любим,Милка,милк,1,sentence,0,1
Карая,кара,Николай,николай,1,sentence,0,1
Карай,карай,Николай,николай,1,sentence,0,1
Данило,данило,Карай,карай,1,sentence,0,1
Данила,данил,Данило,данило,1,sentence,0,1
Данила,данил,Матёрый,матёрый,1,sentence,0,1
Данило,данило,Матёрый,матёрый,1,sentence,0,1
Волторна,волторн,Николай,николай,1,sentence,0,1
Иваном,иван,Николая,никола,1,sentence,0,1
Илагинская,илагинска,Петя,пет,1,sentence,0,1
Илагин,илаг,Ростовым,ростовым,1,sentence,0,1
Ростовы,ростов,Ростовым,ростовым,1,sentence,0,1
Илагины,илагин,Николай,николай,1,sentence,0,1
Диану,диан,Наташа,наташ,1,sentence,0,1
Илагин,илаг,Ростов,рост,1,sentence,0,1
Илагинских,илагинских,Милка,милк,1,sentence,0,1
Илагин,илаг,Милка,милк,1,sentence,0,1
Ерзу,ерз,Ругая,руга,1,sentence,0,1
Ерзу,ерз,Николай,николай,1,sentence,0,1
Николай,николай,Ругая,руга,1,sentence,0,1
Илагиным,илагиным,Милка,милк,1,sentence,0,1
Милка,милк,Ну,ну,1,sentence,0,1
Илагиным,илагиным,Ну,ну,1,sentence,0,1
Илагин,илаг,Матёрый,матёрый,1,sentence,0,1
Ерзу,ерз,Матёрый,матёрый,1,sentence,0,1
Куда,куд,Николай,николай,1,sentence,0,1
Наташа,наташ,Спокойный Илагин,спокойный илаг,1,sentence,0,1
Николай,николай,Спокойный Илагин,спокойный илаг,1,sentence,0,1
Ерзу,ерз,Илагинская,илагинска,1,sentence,0,1
Ерзу,ерз,Милка,милк,1,sentence,0,1
Милушка,милушк,Николая,никола,1,sentence,0,1
Ерзынька,ерзыньк,Илагин,илаг,1,sentence,0,1
Милка,милк,Опять Ерза,опять ерз,1,sentence,0,1
Илагин,илаг,Михайловке,михайловк,1,sentence,0,1
Илагин,илаг,Николая,никола,1,sentence,0,1
Михайловке,михайловк,Николая,никола,1,sentence,0,1
Михайловке,михайловк,Николай,николай,1,sentence,0,1
Наташа,наташ,Предложение,предложени,1,sentence,0,1
Петя,пет,Предложение,предложени,1,sentence,0,1
Отрадное,отрадно,Петя,пет,1,sentence,0,1
Николай,николай,Предложение,предложени,1,sentence,0,1
Отрадное,отрадно,Предложение,предложени,1,sentence,0,1
Николай,николай,Отрадное,отрадно,1,sentence,0,1
Наташа,наташ,Отрадном,отрадн,1,sentence,0,1
Анисья Федоровна,анись федоровн,Ростов,рост,1,sentence,0,1
Наташа,наташ,Покушайте,покушайт,1,sentence,0,1
Илагинских,илагинских,Ругая,руга,1,sentence,0,1
Изволите,изволит,Наташа,наташ,1,sentence,0,1
Анисьюшка,анисьюшк,Посмотри,посмотр,1,sentence,0,1
Анисья Федоровна,анись федоровн,По,по,1,sentence,0,1
Анисья Федоровна,анись федоровн,Барыню,барын,1,sentence,0,1
Барыню,барын,По,по,1,sentence,0,1
Анисья Федоровна,анись федоровн,Николая,никола,1,sentence,0,1
Анисье,анись,Анисья Федоровна,анись федоровн,1,sentence,0,1
Николай,николай,Уж,уж,1,sentence,0,1
Наташа,наташ,Прощай,прощай,1,sentence,0,1
Николай,николай,Поймала,поймал,1,sentence,0,1
Николай,николай,Ругай,ругай,1,sentence,0,1
Знаю,зна,Наташа,наташ,1,sentence,0,1
Знаю,зна,Николай,николай,1,sentence,0,1
Анисьюшка,анисьюшк,Наташа,наташ,1,sentence,0,1
Наташа,наташ,Экая,эка,1,sentence,0,1
Николай,николай,Экая,эка,1,sentence,0,1
Ростовского,ростовского,Часто Наташа,часто наташ,1,sentence,0,1
Николай,николай,Часто Наташа,часто наташ,1,sentence,0,1
Николай,николай,Ростовского,ростовского,1,sentence,0,1
Диммлер,диммлер,Фогель,фогель,1,sentence,0,1
Белова,бел,Фогель,фогель,1,sentence,0,1
Петя,пет,Фогель,фогель,1,sentence,0,1
Белова,бел,Диммлер,диммлер,1,sentence,0,1
Белова,бел,Петя,пет,1,sentence,0,1
Илья Андреич,иль андреич,Николая,никола,1,sentence,0,1
Жюли Карагина,жюл караг,Ростовым,ростовым,1,sentence,0,1
Карагиной,карагин,Москвы,москв,1,sentence,0,1
Жюли,жюл,Николая,никола,1,sentence,0,1
Маменька,маменьк,Николай,николай,1,sentence,0,1
Ежели,ежел,Соней,сон,1,sentence,0,1
Рима,рим,России,росси,1,sentence,0,1
Андрея,андре,Рима,рим,1,sentence,0,1
Наташа,наташ,Пусти,пуст,1,sentence,0,1
Кондратьевна,кондратьевн,Наташа,наташ,1,sentence,0,1
Кондратьевна,кондратьевн,Пусти,пуст,1,sentence,0,1
Мавруша,мавруш,Наташа,наташ,1,sentence,0,1
Миша,миш,Немного,немного,1,sentence,0,1
Наташа,наташ,Уж,уж,1,sentence,0,1
Уж,уж,Фока,фок,1,sentence,0,1
Наташа,наташ,Фока,фок,1,sentence,0,1
Москвы,москв,Одессу,одесс,1,sentence,0,1
Schoss,schoss,Ма,ма,1,sentence,0,1
Николай,николай,Помню,помн,1,sentence,0,1
Арап,арап,Николай,николай,1,sentence,0,1
Наташа,наташ,Поля,пол,1,sentence,0,1
Фильда,фильд,Эдуард Карлыч,эдуард карлыч,1,sentence,0,1
Nocturne,nocturne,Фильда,фильд,1,sentence,0,1
Nocturne,nocturne,Эдуард Карлыч,эдуард карлыч,1,sentence,0,1
Знаешь,знаешь,Николая,никола,1,sentence,0,1
Знаешь,знаешь,Наташа,наташ,1,sentence,0,1
Диммлер,диммлер,Знаешь,знаешь,1,sentence,0,1
Знаешь,знаешь,Соней,сон,1,sentence,0,1
Диммлер,диммлер,Можно,можно,1,sentence,0,1
Ежели,ежел,Николай,николай,1,sentence,0,1
Диммлер,диммлер,Николай,николай,1,sentence,0,1
Граф Илья Андреич,граф иль андреич,Митинька,митиньк,1,sentence,0,1
Илья Андреевич,иль андреевич,Мелюковой,мелюков,1,sentence,0,1
Илья Андреевич,иль андреевич,"Луиза
Ивановна",луиз ивановн,1,sentence,0,1
Schoss,schoss,Илья Андреевич,иль андреевич,1,sentence,0,1
"Луиза
Ивановна",луиз ивановн,Мелюковой,мелюков,1,sentence,0,1
Schoss,schoss,Мелюковой,мелюков,1,sentence,0,1
Schoss,schoss,"Луиза
Ивановна",луиз ивановн,1,sentence,0,1
Schoss,schoss,Николая,никола,1,sentence,0,1
Schoss,schoss,Соней,сон,1,sentence,0,1
Захар,захар,Пошел,пошел,1,sentence,0,1
Николай,николай,Пошел,пошел,1,sentence,0,1
Наташа,наташ,След,след,1,sentence,0,1
Nicolas,nicolas,Соней,сон,1,sentence,0,1
Впереди,вперед,Захар,захар,1,sentence,0,1
Дёмкина,дёмк,Косой,кос,1,sentence,0,1
Врешь,врешь,Николая,никола,1,sentence,0,1
Мелюковка,мелюковк,Мелюковым,мелюковым,1,sentence,0,1
Schoss,schoss,Николай,николай,1,sentence,0,1
Мелюковка,мелюковк,Николай,николай,1,sentence,0,1
Ваня,ван,Никита,никит,1,sentence,0,1
Диммлер,диммлер,Ростовых,ростовых,1,sentence,0,1
Кажется,кажетс,Ростовых,ростовых,1,sentence,0,1
Мелюковых,мелюковых,Отчего,отчего,1,sentence,0,1
Мелюкова,мелюк,Расскажите,расскажит,1,sentence,0,1
Ну,ну,Пелагея Даниловна,пелаге даниловн,1,sentence,0,1
Николай,николай,Совсем,совс,1,sentence,0,1
"Луиза
Ивановна",луиз ивановн,Николая,никола,1,sentence,0,1
Николая,никола,Пелагея Даниловна,пелаге даниловн,1,sentence,0,1
"Луиза
Ивановна",луиз ивановн,Наташа,наташ,1,sentence,0,1
Наташа,наташ,Пелагея Даниловна,пелаге даниловн,1,sentence,0,1
Диммлер,диммлер,"Луиза
Ивановна",луиз ивановн,1,sentence,0,1
"Луиза
Ивановна",луиз ивановн,Пелагея Даниловна,пелаге даниловн,1,sentence,0,1
Диммлер,диммлер,Пелагея Даниловна,пелаге даниловн,1,sentence,0,1
Еслиб,еслиб,Николай,николай,1,sentence,0,1
Дуняшу,дуняш,На Наташином,на наташин,1,sentence,0,1
Наташа,наташ,Садись,садись,1,sentence,0,1
Садись,садись,Соней,сон,1,sentence,0,1
Какого,какого,Наташа,наташ,1,sentence,0,1
Наташа,наташ,Непременно,непременно,1,sentence,0,1
Дуняшу,дуняш,Наташа,наташ,1,sentence,0,1
Его,его,Наташа,наташ,1,sentence,0,1
Митинька,митиньк,Николая,никола,1,sentence,0,1
Митинька,митиньк,Соней,сон,1,sentence,0,1
Наташа,наташ,Николай Андреич,николай андреич,1,sentence,0,1
Андрея,андре,Николай Андреич,николай андреич,1,sentence,0,1
Иосифа Алексеевича,иосиф алексеевич,Наташа,наташ,1,sentence,0,1
Андрея,андре,Иосифа Алексеевича,иосиф алексеевич,1,sentence,0,1
Английский,английский,Москвы,москв,1,sentence,0,1
Английский,английский,Иверскую,иверску,1,sentence,0,1
Английский,английский,Сивцева Вражка,сивц вражк,1,sentence,0,1
Английский,английский,Кремлевскую,кремлевску,1,sentence,0,1
Иверскую,иверску,Москвы,москв,1,sentence,0,1
Москвы,москв,Сивцева Вражка,сивц вражк,1,sentence,0,1
Кремлевскую,кремлевску,Москвы,москв,1,sentence,0,1
Иверскую,иверску,Сивцева Вражка,сивц вражк,1,sentence,0,1
Иверскую,иверску,Кремлевскую,кремлевску,1,sentence,0,1
Кремлевскую,кремлевску,Сивцева Вражка,сивц вражк,1,sentence,0,1
Наполеон,наполеон,России,росси,1,sentence,0,1
Елена Васильевна,елен васильевн,Пьеру,пьер,1,sentence,0,1
"Наполеоном
Бонапарте",наполеон бонапарт,Франц,франц,1,sentence,0,1
Астрея,астре,Ищущих Манны,ищущих манн,1,sentence,0,1
Москвы,москв,Николай Андреич Болконский,николай андреич болконский,1,sentence,0,1
Александра,александр,Николай Андреич,николай андреич,1,sentence,0,1
Александра,александр,Москвы,москв,1,sentence,0,1
Лысых Горах,лысых горах,Москвы,москв,1,sentence,0,1
Жюли,жюл,Княжна Марья,княжн марь,1,sentence,0,1
Княжна Марья,княжн марь,Москвы,москв,1,sentence,0,1
Bourienne,bourienne,Андрей,андр,1,sentence,0,1
Bourienne,bourienne,Княжна Марья,княжн марь,1,sentence,0,1
Амальи Евгениевны,амаль евгениевн,Княжна Марья,княжн марь,1,sentence,0,1
Княжна Марья,княжн марь,Филиппа,филипп,1,sentence,0,1
Амальи Евгениевны,амаль евгениевн,Филиппа,филипп,1,sentence,0,1
Метивье,метивь,Москвы,москв,1,sentence,0,1
Москвы,москв,Николин,никол,1,sentence,0,1
Марья,марь,Николин,никол,1,sentence,0,1
Борис Друбецкой,борис друбецк,Растопчин,растопч,1,sentence,0,1
Лопухин,лопух,Растопчин,растопч,1,sentence,0,1
Пьеру,пьер,Растопчин,растопч,1,sentence,0,1
Растопчин,растопч,Чатров,чатр,1,sentence,0,1
Борис Друбецкой,борис друбецк,Лопухин,лопух,1,sentence,0,1
Борис Друбецкой,борис друбецк,Пьеру,пьер,1,sentence,0,1
Борис Друбецкой,борис друбецк,Чатров,чатр,1,sentence,0,1
Лопухин,лопух,Пьеру,пьер,1,sentence,0,1
Лопухин,лопух,Чатров,чатр,1,sentence,0,1
Пьеру,пьер,Чатров,чатр,1,sentence,0,1
Москвы,москв,Николаю Андреевичу,никола андреевич,1,sentence,0,1
Борису,борис,Николаю Андреевичу,никола андреевич,1,sentence,0,1
Николин,никол,Растопчин,растопч,1,sentence,0,1
Борису,борис,Николин,никол,1,sentence,0,1
Борису,борис,Растопчин,растопч,1,sentence,0,1
Наполеон,наполеон,Ольденбургского,ольденбургского,1,sentence,0,1
Бонапарт,бонапарт,Растопчин,растопч,1,sentence,0,1
Европы,европ,Растопчин,растопч,1,sentence,0,1
Бонапарт,бонапарт,Европы,европ,1,sentence,0,1
Николай Андреич,николай андреич,Ольденбургского,ольденбургского,1,sentence,0,1
Николай Андреич,николай андреич,Предложили,предложил,1,sentence,0,1
Ольденбургского,ольденбургского,Предложили,предложил,1,sentence,0,1
Лысых Гор,лысых гор,Точно,точно,1,sentence,0,1
Богучарово,богучарово,Точно,точно,1,sentence,0,1
Oldenbourg,oldenbourg,Борису,борис,1,sentence,0,1
Le,le,Oldenbourg,oldenbourg,1,sentence,0,1
Le,le,Борису,борис,1,sentence,0,1
Ольденбургском,ольденбургск,Растопчин,растопч,1,sentence,0,1
Mon,mon,Растопчин,растопч,1,sentence,0,1
Кажется,кажетс,Петербурге,петербург,1,sentence,0,1
"Мой
Андрюша",мой андрюш,России,росси,1,sentence,0,1
Изволили,изволил,Петербурге,петербург,1,sentence,0,1
Бонапарт,бонапарт,Тильзитский,тильзитский,1,sentence,0,1
Европейские,европейски,Тильзитский,тильзитский,1,sentence,0,1
Бонапарт,бонапарт,Европейские,европейски,1,sentence,0,1
Бонапарт,бонапарт,Востока,восток,1,sentence,0,1
Ну,ну,Растопчин,растопч,1,sentence,0,1
Марья,марь,Можно,можно,1,sentence,0,1
Москвы,москв,Оттого,оттого,1,sentence,0,1
Оттого,оттого,Петербурге,петербург,1,sentence,0,1
Карагин,караг,Пьеру,пьер,1,sentence,0,1
Пошли,пошл,Пьеру,пьер,1,sentence,0,1
Ростовых,ростовых,Слышали,слышал,1,sentence,0,1
Марья,марь,Умна,умн,1,sentence,0,1
Княжна Марья,княжн марь,Ростовы,ростов,1,sentence,0,1
Марья,марь,Москве Борис,москв борис,1,sentence,0,1
Жюли,жюл,Москве Борис,москв борис,1,sentence,0,1
Болконской,болконск,Марья,марь,1,sentence,0,1
Болконской,болконск,Жюли,жюл,1,sentence,0,1
Дом Карагиных,дом карагиных,Москвы,москв,1,sentence,0,1
Il,il,Борису,борис,1,sentence,0,1
Анна Михайловна,анн михайловн,Карагиным,карагиным,1,sentence,0,1
Жюли,жюл,Карагиным,карагиным,1,sentence,0,1
Julie,julie,Toujours,toujours,1,sentence,0,1
Ах,ах,Жюли,жюл,1,sentence,0,1
Анатоль Курагин,анатоль кураг,Жюли,жюл,1,sentence,0,1
Анатоль Курагин,анатоль кураг,Карагиных,карагиных,1,sentence,0,1
Анатоль Курагин,анатоль кураг,Курагину,курагин,1,sentence,0,1
Анатоль Курагин,анатоль кураг,Борису,борис,1,sentence,0,1
Жюли,жюл,Карагиных,карагиных,1,sentence,0,1
Жюли,жюл,Курагину,курагин,1,sentence,0,1
Карагиных,карагиных,Курагину,курагин,1,sentence,0,1
Карагиных,карагиных,Москвы,москв,1,sentence,0,1
Курагину,курагин,Москвы,москв,1,sentence,0,1
Борису,борис,Курагину,курагин,1,sentence,0,1
Julie,julie,Жюли,жюл,1,sentence,0,1
Julie,julie,Mon,mon,1,sentence,0,1
Julie,julie,Анна Михайловна,анн михайловн,1,sentence,0,1
Julie,julie,Moscou,moscou,1,sentence,0,1
Julie,julie,Prince Basile,prince basile,1,sentence,0,1
Mon,mon,Жюли,жюл,1,sentence,0,1
Moscou,moscou,Жюли,жюл,1,sentence,0,1
Prince Basile,prince basile,Жюли,жюл,1,sentence,0,1
Mon,mon,Анна Михайловна,анн михайловн,1,sentence,0,1
Mon,mon,Moscou,moscou,1,sentence,0,1
Mon,mon,Prince Basile,prince basile,1,sentence,0,1
Moscou,moscou,Анна Михайловна,анн михайловн,1,sentence,0,1
Prince Basile,prince basile,Анна Михайловна,анн михайловн,1,sentence,0,1
Moscou,moscou,Prince Basile,prince basile,1,sentence,0,1
Анатоля,анатол,Борису,борис,1,sentence,0,1
Анатоля,анатол,Жюли,жюл,1,sentence,0,1
Борису,борис,Для,дл,1,sentence,0,1
Для,дл,Москвы,москв,1,sentence,0,1
Говорить,говорить,Жюли,жюл,1,sentence,0,1
Борису,борис,Говорить,говорить,1,sentence,0,1
Граф Илья Андреич,граф иль андреич,Наташа,наташ,1,sentence,0,1
Граф Илья Андреич,граф иль андреич,Москвы,москв,1,sentence,0,1
Илья Андреич,иль андреич,"Марьи Дмитриевны
Ахросимовой",марь дмитриевн ахросимов,1,sentence,0,1
Дом Ростовых,дом ростовых,"Марьи Дмитриевны
Ахросимовой",марь дмитриевн ахросимов,1,sentence,0,1
"Марьи Дмитриевны
Ахросимовой",марь дмитриевн ахросимов,Москвы,москв,1,sentence,0,1
Дом Ростовых,дом ростовых,Илья Андреич,иль андреич,1,sentence,0,1
Дом Ростовых,дом ростовых,Москвы,москв,1,sentence,0,1
Марьи Дмитриевны,марь дмитриевн,Старой Конюшенной,стар конюшенн,1,sentence,0,1
Ростовых,ростовых,Старой Конюшенной,стар конюшенн,1,sentence,0,1
Наташа,наташ,Пополнела,пополнел,1,sentence,0,1
Давно,давно,Наташа,наташ,1,sentence,0,1
Иверской,иверск,Обер-Шельме,обер-шельм,1,sentence,0,1
Марьи Дмитриевны,марь дмитриевн,Обер-Шальме,обер-шальм,1,sentence,0,1
Иверской,иверск,Марьи Дмитриевны,марь дмитриевн,1,sentence,0,1
Иверской,иверск,Обер-Шальме,обер-шальм,1,sentence,0,1
Андрея,андре,Марьи Дмитриевны,марь дмитриевн,1,sentence,0,1
Лучше,лучш,Наташа,наташ,1,sentence,0,1
Наташа,наташ,Николая Андреича,никола андреич,1,sentence,0,1
Марьи Дмитриевны,марь дмитриевн,Николая Андреича,никола андреич,1,sentence,0,1
Илья Андреич,иль андреич,Марьи Дмитриевны,марь дмитриевн,1,sentence,0,1
Илья Андреич,иль андреич,Николая Андреича,никола андреич,1,sentence,0,1
Марья,марь,Ростовых,ростовых,1,sentence,0,1
Княжна Марья,княжн марь,Ростовых,ростовых,1,sentence,0,1
Ежели,ежел,Собачью Площадку,собачь площадк,1,sentence,0,1
Ежели,ежел,Наташа,наташ,1,sentence,0,1
Анне Семеновне,анн семеновн,Ежели,ежел,1,sentence,0,1
Наташа,наташ,Собачью Площадку,собачь площадк,1,sentence,0,1
Анне Семеновне,анн семеновн,Собачью Площадку,собачь площадк,1,sentence,0,1
Анне Семеновне,анн семеновн,Наташа,наташ,1,sentence,0,1
Анне Семеновне,анн семеновн,Илья Андреич,иль андреич,1,sentence,0,1
Ах,ах,Ростов,рост,1,sentence,0,1
Видит Бог,видит бог,Наташа,наташ,1,sentence,0,1
Наташа,наташ,Постойте,постойт,1,sentence,0,1
Марья,марь,Постойте,постойт,1,sentence,0,1
Марья,марь,Милая Натали,мила натал,1,sentence,0,1
Марьи Дмитриевны,марь дмитриевн,Ростовы,ростов,1,sentence,0,1
Nathalie,nathalie,Соней,сон,1,sentence,0,1
Илья Андреич,иль андреич,Соней,сон,1,sentence,0,1
Наташа,наташ,России,росси,1,sentence,0,1
России,росси,Ростовы,ростов,1,sentence,0,1
Посмотри,посмотр,Соней,сон,1,sentence,0,1
Аленина,ален,Посмотри,посмотр,1,sentence,0,1
Аленина,ален,Соней,сон,1,sentence,0,1
Борису,борис,Карагиной,карагин,1,sentence,0,1
Жюли,жюл,Карагиной,карагин,1,sentence,0,1
Ростовых,ростовых,Шиншин,шинш,1,sentence,0,1
Жюли,жюл,Наташа,наташ,1,sentence,0,1
Анна Михайловна,анн михайловн,Божию,божи,1,sentence,0,1
Пропадал,пропадал,Шиншин,шинш,1,sentence,0,1
На Кавказе,на кавказ,Персии,перси,1,sentence,0,1
Долохов,долох,Шиншин,шинш,1,sentence,0,1
Долохов,долох,Курагин Анатоль,кураг анатоль,1,sentence,0,1
Илья Андреич,иль андреич,Семену,семен,1,sentence,0,1
Наташа,наташ,Чудо,чудо,1,sentence,0,1
Должно,должно,Наташа,наташ,1,sentence,0,1
Курагин,кураг,Шиншин,шинш,1,sentence,0,1
Mais,mais,Наташа,наташ,1,sentence,0,1
Ростовых,ростовых,Соней,сон,1,sentence,0,1
Голая Элен,гола элен,Наташа Борису,наташ борис,1,sentence,0,1
Долоховым,долоховым,Ростовых,ростовых,1,sentence,0,1
Безухову,безухов,Наташа,наташ,1,sentence,0,1
Безухову,безухов,Курагин,кураг,1,sentence,0,1
Безухову,безухов,Пьеру,пьер,1,sentence,0,1
Курагин,кураг,Пьеру,пьер,1,sentence,0,1
Анатоля Курагина,анатол кураг,Наташа,наташ,1,sentence,0,1
Безухов,безух,Ростовых,ростовых,1,sentence,0,1
Андрея Болконского,андре болконского,Друбецкого,друбецкого,1,sentence,0,1
Андрея Болконского,андре болконского,Наташа,наташ,1,sentence,0,1
Андрея Болконского,андре болконского,Болконского,болконского,1,sentence,0,1
Друбецкого,друбецкого,Наташа,наташ,1,sentence,0,1
Болконского,болконского,Друбецкого,друбецкого,1,sentence,0,1
Duport,duport,Мужчина,мужч,1,sentence,0,1
Oh,oh,Наташа,наташ,1,sentence,0,1
Позвольте,позвольт,Элен,элен,1,sentence,0,1
Анатоля,анатол,Позвольте,позвольт,1,sentence,0,1
Анатоля,анатол,Элен,элен,1,sentence,0,1
Анатоль,анатоль,Москвы,москв,1,sentence,0,1
Погибла,погибл,Чт,чт,1,sentence,0,1
Андрея,андре,Погибла,погибл,1,sentence,0,1
Андрей,андр,Стало,стало,1,sentence,0,1
Анатоль Курагин,анатоль кураг,Петербурге,петербург,1,sentence,0,1
Georges,georges,Шиншин,шинш,1,sentence,0,1
Москвы,москв,Шиншин,шинш,1,sentence,0,1
Georges,georges,Москвы,москв,1,sentence,0,1
Данила,данил,Москвы,москв,1,sentence,0,1
Анатоля,анатол,Польше,польш,1,sentence,0,1
Курагиным,курагиным,Москвы,москв,1,sentence,0,1
Долохов,долох,Курагиным,курагиным,1,sentence,0,1
Анатоля Курагина,анатол кураг,Долохов,долох,1,sentence,0,1
Анатоля Курагина,анатол кураг,Курагиным,курагиным,1,sentence,0,1
Долохов,долох,Хороша,хорош,1,sentence,0,1
Андрея,андре,Вздвиженке,вздвиженк,1,sentence,0,1
Курагину,курагин,Марья,марь,1,sentence,0,1
Марьи Дмитриевны,марь дмитриевн,Успения,успени,1,sentence,0,1
Марьи Дмитриевны,марь дмитриевн,Могильцах,могильцах,1,sentence,0,1
Могильцах,могильцах,Успения,успени,1,sentence,0,1
Наташа,наташ,Николаю Андреевичу Болконскому,никола андреевич болконском,1,sentence,0,1
Марьи Дмитриевны,марь дмитриевн,Николаю Андреевичу Болконскому,никола андреевич болконском,1,sentence,0,1
Наташа,наташ,Шальме,шальм,1,sentence,0,1
Марьи Дмитриевны,марь дмитриевн,Ростовым,ростовым,1,sentence,0,1
Ростовым,ростовым,Шальме,шальм,1,sentence,0,1
Марьи Дмитриевны,марь дмитриевн,Шальме,шальм,1,sentence,0,1
Безухов,безух,Наташа,наташ,1,sentence,0,1
Ah,ah,Наташа,наташ,1,sentence,0,1
Charmante,charmante,Илья Андреич,иль андреич,1,sentence,0,1
Наташа,наташ,Париже,париж,1,sentence,0,1
Безухову,безухов,Марьи Дмитриевны,марь дмитриевн,1,sentence,0,1
Безуховою,безухово,Наташа,наташ,1,sentence,0,1
Безухову,безухов,Граф Илья Андреич,граф иль андреич,1,sentence,0,1
Метивье,метивь,Элен,элен,1,sentence,0,1
Georges,georges,Граф Илья Андреич,граф иль андреич,1,sentence,0,1
Georges,georges,Безухов,безух,1,sentence,0,1
Анатоль,анатоль,Курагиным,курагиным,1,sentence,0,1
Dieu,dieu,Анатоль,анатоль,1,sentence,0,1
Nathalie,nathalie,Элен,элен,1,sentence,0,1
Вчера,вчер,Николая,никола,1,sentence,0,1
Лысые Горы,лысы гор,Отрадном,отрадн,1,sentence,0,1
Москвы,москв,Отрадном,отрадн,1,sentence,0,1
Лысые Горы,лысы гор,Москвы,москв,1,sentence,0,1
Найдя,найд,Наташа,наташ,1,sentence,0,1
Вздор,вздор,Марьи Дмитриевны,марь дмитриевн,1,sentence,0,1
Наташа,наташ,Никому,ником,1,sentence,0,1
Марьи Дмитриевны,марь дмитриевн,Никому,ником,1,sentence,0,1
Княжна Марья,княжн марь,Наташа,наташ,1,sentence,0,1
Ch,ch,Наташа,наташ,1,sentence,0,1
Андрея,андре,Курагин,кураг,1,sentence,0,1
Наташа,наташ,Христа,христ,1,sentence,0,1
Анатоля,анатол,Христа,христ,1,sentence,0,1
Анатоля Долоховым,анатол долоховым,Наташа,наташ,1,sentence,0,1
Архаровым,архаровым,Марьи Дмитриевны,марь дмитриевн,1,sentence,0,1
Наташа,наташ,Но,но,1,sentence,0,1
Соней,сон,Чт,чт,1,sentence,0,1
Наташа,наташ,Три,тр,1,sentence,0,1
Богу,бог,Чт,чт,1,sentence,0,1
Наташа,наташ,Ради Бога,рад бог,1,sentence,0,1
Ради Бога,рад бог,Соней,сон,1,sentence,0,1
Любит,любит,Наташа,наташ,1,sentence,0,1
Богу,бог,Соней,сон,1,sentence,0,1
Курагиным,курагиным,Наташа,наташ,1,sentence,0,1
Курагиным,курагиным,Марьи Дмитриевны,марь дмитриевн,1,sentence,0,1
Курагиным,курагиным,Соней,сон,1,sentence,0,1
Болконскому,болконском,Но,но,1,sentence,0,1
Подожди,подожд,Соней,сон,1,sentence,0,1
Андрей,андр,Писать Пьеру,писать пьер,1,sentence,0,1
Болконскому,болконском,Марья,марь,1,sentence,0,1
Наташа,наташ,Сказать Марье Дмитриевне,сказать марь дмитриевн,1,sentence,0,1
Сказать Марье Дмитриевне,сказать марь дмитриевн,Соней,сон,1,sentence,0,1
Долоховым,долоховым,Наташа,наташ,1,sentence,0,1
Долоховым,долоховым,Ростовы,ростов,1,sentence,0,1
Ростовы,ростов,Соней,сон,1,sentence,0,1
Каменку,каменк,Москвы,москв,1,sentence,0,1
Варшавскую,варшавску,Каменку,каменк,1,sentence,0,1
Долохов,долох,Курагину,курагин,1,sentence,0,1
Курагину,курагин,Макарин,макар,1,sentence,0,1
Курагину,курагин,Хвостиков,хвостик,1,sentence,0,1
Долохов,долох,Макарин,макар,1,sentence,0,1
Долохов,долох,Хвостиков,хвостик,1,sentence,0,1
Ну,ну,Хвостикову,хвостиков,1,sentence,0,1
Макарин,макар,Макарка,макарк,1,sentence,0,1
Анатоль,анатоль,Дурак,дурак,1,sentence,0,1
Долохов,долох,Право,право,1,sentence,0,1
Анатоль,анатоль,Ах,ах,1,sentence,0,1
Анатоль,анатоль,Долохову,долохов,1,sentence,0,1
Долоховым,долоховым,Убирайся,убирайс,1,sentence,0,1
Анатоль,анатоль,Убирайся,убирайс,1,sentence,0,1
Балага,балаг,Иди,ид,1,sentence,0,1
Москвы,москв,Твери,твер,1,sentence,0,1
Анатоля,анатол,Москвы,москв,1,sentence,0,1
Анатоля,анатол,Твери,твер,1,sentence,0,1
Уж,уж,Федор Иваныч,федор иваныч,1,sentence,0,1
Анатоля,анатол,Здравствуй,здравствуй,1,sentence,0,1
Анатоль,анатоль,Балага,балаг,1,sentence,0,1
Балага,балаг,Ну,ну,1,sentence,0,1
Постою,посто,Федору Ивановичу,федор иванович,1,sentence,0,1
Анатоль,анатоль,Садись,садись,1,sentence,0,1
Доставляли,доставлял,Тверь,тверь,1,sentence,0,1
Курагин,кураг,Рождество,рождество,1,sentence,0,1
Курагин,кураг,Твери,твер,1,sentence,0,1
Анатоль,анатоль,Курагин,кураг,1,sentence,0,1
Курагин,кураг,Макарину,макарин,1,sentence,0,1
Рождество,рождество,Твери,твер,1,sentence,0,1
Анатоль,анатоль,Рождество,рождество,1,sentence,0,1
Макарину,макарин,Рождество,рождество,1,sentence,0,1
Анатоль,анатоль,Твери,твер,1,sentence,0,1
Макарину,макарин,Твери,твер,1,sentence,0,1
Анатоль,анатоль,Макарину,макарин,1,sentence,0,1
Балага,балаг,Уж,уж,1,sentence,0,1
Долохову,долохов,Федор Иваныч,федор иваныч,1,sentence,0,1
Анатоль,анатоль,Феде,фед,1,sentence,0,1
Ну,ну,Феде,фед,1,sentence,0,1
Макарину,макарин,Ну,ну,1,sentence,0,1
Балага,балаг,Будь,будь,1,sentence,0,1
Анатоля,анатол,Лакей Joseph,лак joseph,1,sentence,0,1
Игнатка,игнатк,Эй,эй,1,sentence,0,1
Maтреши,maтреш,Анатоля,анатол,1,sentence,0,1
Анатоль,анатоль,Матрешу,матреш,1,sentence,0,1
Балага,балаг,Готовы,готов,1,sentence,0,1
Никитскому,никитском,Пущай,пущай,1,sentence,0,1
Арбату,арбат,На Арбатской,на арбатск,1,sentence,0,1
Подновинскому Балага,подновинском балаг,Старой Конюшенной,стар конюшенн,1,sentence,0,1
Долохов,долох,Курагин,кураг,1,sentence,0,1
Наташа,наташ,Оттолкнув,оттолкнув,1,sentence,0,1
Богу,бог,Марьи Дмитриевны,марь дмитриевн,1,sentence,0,1
Гадко,гадко,Марьи Дмитриевны,марь дмитриевн,1,sentence,0,1
Марьи Дмитриевны,марь дмитриевн,Оставь,оставь,1,sentence,0,1
Марьи Дмитриевны,марь дмитриевн,Наталья,наталь,1,sentence,0,1
Марьи Дмитриевны,марь дмитриевн,Ну,ну,1,sentence,0,1
Илья Андреич,иль андреич,Подмосковной,подмосковн,1,sentence,0,1
Иосифа Алексеевича,иосиф алексеевич,Тверь,тверь,1,sentence,0,1
Андрея Болконского,андре болконского,Марьи Дмитриевны,марь дмитриевн,1,sentence,0,1
Андрея Болконского,андре болконского,Москвы,москв,1,sentence,0,1
Ахросимовой,ахросимов,Поскорее,поскоре,1,sentence,0,1
Андрей,андр,Поскорее,поскоре,1,sentence,0,1
Поскорее,поскоре,Пьеру,пьер,1,sentence,0,1
Андрей,андр,Ахросимовой,ахросимов,1,sentence,0,1
Анатоль,анатоль,Макариным,макариным,1,sentence,0,1
Ахросимовой,ахросимов,Марьи Дмитриевны,марь дмитриевн,1,sentence,0,1
Марьи Дмитриевны,марь дмитриевн,Чт,чт,1,sentence,0,1
Марьи Дмитриевны,марь дмитриевн,Хорошие,хороши,1,sentence,0,1
Анатоль Курагин,анатоль кураг,Наташа,наташ,1,sentence,0,1
Анатоль Курагин,анатоль кураг,Марьи Дмитриевны,марь дмитриевн,1,sentence,0,1
Анатоль Курагин,анатоль кураг,Пьеру,пьер,1,sentence,0,1
Анатоля,анатол,Болконского,болконского,1,sentence,0,1
Анатоля,анатол,Наташу Ростову,наташ ростов,1,sentence,0,1
Болконского,болконского,Наташу Ростову,наташ ростов,1,sentence,0,1
Болконского,болконского,Пьеру,пьер,1,sentence,0,1
Наташу Ростову,наташ ростов,Пьеру,пьер,1,sentence,0,1
Андрея,андре,Наташу Ростову,наташ ростов,1,sentence,0,1
Марьи Дмитриевны,марь дмитриевн,Час,час,1,sentence,0,1
Болконский,болконский,Марьи Дмитриевны,марь дмитриевн,1,sentence,0,1
Болконский,болконский,Курагин,кураг,1,sentence,0,1
Болконский,болконский,Москвы,москв,1,sentence,0,1
Наталью Ильиничну,наталь ильиничн,Пьеру,пьер,1,sentence,0,1
Михаил Захарыч,михаил захарыч,Павел Тимофеич,павел тимофеич,1,sentence,0,1
Курагиным Ростовой,курагиным ростов,Пьеру,пьер,1,sentence,0,1
"Анатолий
Васильевич",анатолий васильевич,Москвы,москв,1,sentence,0,1
Ah,ah,Pierre,pierre,1,sentence,0,1
Si,si,Элен,элен,1,sentence,0,1
Si,si,Пьеру,пьер,1,sentence,0,1
Анатоль,анатоль,Мой,мой,1,sentence,0,1
Je,je,Пьеру,пьер,1,sentence,0,1
Je,je,Анатоля,анатол,1,sentence,0,1
Письма,письм,Пьеру,пьер,1,sentence,0,1
Второе,второ,Москвы,москв,1,sentence,0,1
Пьеру,пьер,Третье,треть,1,sentence,0,1
Анатоль,анатоль,Пьеру,пьер,1,sentence,0,1
Анатоль,анатоль,Хотя,хот,1,sentence,0,1
Анатоль,анатоль,Петербурге,петербург,1,sentence,0,1
Князь Николай Андреич,князь николай андреич,Марья,марь,1,sentence,0,1
Князь Николай Андреич,князь николай андреич,Наташа,наташ,1,sentence,0,1
Bourienne,bourienne,Князь Андрей,князь андр,1,sentence,0,1
Князь Андрей,князь андр,Москвы,москв,1,sentence,0,1
Князь Андрей,князь андр,Мещерского,мещерского,1,sentence,0,1
Москвы,москв,Сперанском,сперанск,1,sentence,0,1
Сперанского,сперанского,Теперь,теперь,1,sentence,0,1
Андрей,андр,Теперь,теперь,1,sentence,0,1
Польше,польш,Сперанском,сперанск,1,sentence,0,1
Десале,десал,Польше,польш,1,sentence,0,1
Польше,польш,Швейцарию,швейцари,1,sentence,0,1
Андрей,андр,Польше,польш,1,sentence,0,1
Польше,польш,Пьеру,пьер,1,sentence,0,1
Десале,десал,Сперанском,сперанск,1,sentence,0,1
Сперанском,сперанск,Швейцарию,швейцари,1,sentence,0,1
Андрей,андр,Сперанском,сперанск,1,sentence,0,1
Пьеру,пьер,Сперанском,сперанск,1,sentence,0,1
Десале,десал,Швейцарию,швейцари,1,sentence,0,1
Андрей,андр,Десале,десал,1,sentence,0,1
Андрей,андр,Швейцарию,швейцари,1,sentence,0,1
Пьеру,пьер,Швейцарию,швейцари,1,sentence,0,1
Ежели,ежел,Наполеон,наполеон,1,sentence,0,1
Андрей,андр,Мещерский,мещерский,1,sentence,0,1
Мещерский,мещерский,Пьеру,пьер,1,sentence,0,1
Андрей,андр,Ростовы,ростов,1,sentence,0,1
Курагин,кураг,Ростовы,ростов,1,sentence,0,1
Но,но,Ростовы,ростов,1,sentence,0,1
Андрей,андр,Курагин,кураг,1,sentence,0,1
Андрей,андр,Но,но,1,sentence,0,1
Курагин,кураг,Но,но,1,sentence,0,1
Петер,петер,Пьеру,пьер,1,sentence,0,1
Передай,передай,Ростовы,ростов,1,sentence,0,1
Послушайте,послушайт,Пьеру,пьер,1,sentence,0,1
Петербурге,петербург,Послушайте,послушайт,1,sentence,0,1
Андрей,андр,Помню,помн,1,sentence,0,1
Десале,десал,Князь Андрей,князь андр,1,sentence,0,1
Пьеру,пьер,Ростовым,ростовым,1,sentence,0,1
Андрей,андр,Марьи Дмитриевны,марь дмитриевн,1,sentence,0,1
Наташа,наташ,Петра Кирилловича,петр кириллович,1,sentence,0,1
Болконский,болконский,Петр Кирилыч,петр кирилыч,1,sentence,0,1
Куда,куд,Пьеру,пьер,1,sentence,0,1
Домой,дом,Пьеру,пьер,1,sentence,0,1
Арбатскую,арбатску,Пьеру,пьер,1,sentence,0,1
Дружочек,дружочек,Фока,фок,1,sentence,0,1
Копенгагенский,копенгагенский,Шитов,шит,1,sentence,0,1
Ах,ах,Европы,европ,1,sentence,0,1
Извините,извинит,Императора,император,1,sentence,0,1
Была,был,Шварценберг,шварценберг,1,sentence,0,1
Аустерлица,аустерлиц,Сo,сo,1,sentence,0,1
Аустерлица,аустерлиц,Прозоровским,прозоровским,1,sentence,0,1
Аустерлица,аустерлиц,Каменским,каменским,1,sentence,0,1
Каменским,каменским,Прозоровским,прозоровским,1,sentence,0,1
Бенигсену,бенигсен,Буксгевдену,буксгевден,1,sentence,0,1
Бенигсену,бенигсен,Петербурге,петербург,1,sentence,0,1
Бонапарт,бонапарт,Буксгевдену,буксгевден,1,sentence,0,1
Князь,князь,Наполеон,наполеон,1,sentence,0,1
Государь,государь,Почетного,почетного,1,sentence,0,1
Наполеон,наполеон,Франции,франци,1,sentence,0,1
Александра,александр,России,росси,1,sentence,0,1
Наполеоновского,наполеоновского,Юстиниана,юстиниан,1,sentence,0,1
Василий,василий,Мой,мой,1,sentence,0,1
Жюли,жюл,Мой,мой,1,sentence,0,1
Василий,василий,Жюли,жюл,1,sentence,0,1
Дюпора,дюпор,Неправда,неправд,1,sentence,0,1
